구분,죄종,발생검거,건수,year
중부,살인,발생,1,2000
중부,살인,검거,1,2000
중부,강도,발생,17,2000
중부,강도,검거,15,2000
중부,강간,발생,14,2000
중부,강간,검거,14,2000
중부,절도,발생,601,2000
중부,절도,검거,569,2000
중부,폭력,발생,1783,2000
중부,폭력,검거,1762,2000
종로,살인,발생,4,2000
종로,살인,검거,4,2000
종로,강도,발생,24,2000
종로,강도,검거,36,2000
종로,강간,발생,18,2000
종로,강간,검거,18,2000
종로,절도,발생,644,2000
종로,절도,검거,385,2000
종로,폭력,발생,1886,2000
종로,폭력,검거,1830,2000
남대문,살인,발생,3,2000
남대문,살인,검거,3,2000
남대문,강도,발생,13,2000
남대문,강도,검거,7,2000
남대문,강간,발생,26,2000
남대문,강간,검거,23,2000
남대문,절도,발생,451,2000
남대문,절도,검거,273,2000
남대문,폭력,발생,1139,2000
남대문,폭력,검거,1132,2000
서대문,살인,발생,3,2000
서대문,살인,검거,2,2000
서대문,강도,발생,33,2000
서대문,강도,검거,28,2000
서대문,강간,발생,54,2000
서대문,강간,검거,44,2000
서대문,절도,발생,747,2000
서대문,절도,검거,312,2000
서대문,폭력,발생,2391,2000
서대문,폭력,검거,2300,2000
혜화,살인,발생,3,2000
혜화,살인,검거,3,2000
혜화,강도,발생,30,2000
혜화,강도,검거,24,2000
혜화,강간,발생,40,2000
혜화,강간,검거,41,2000
혜화,절도,발생,1239,2000
혜화,절도,검거,429,2000
혜화,폭력,발생,2631,2000
혜화,폭력,검거,2444,2000
용산,살인,발생,5,2000
용산,살인,검거,4,2000
용산,강도,발생,52,2000
용산,강도,검거,36,2000
용산,강간,발생,41,2000
용산,강간,검거,39,2000
용산,절도,발생,1090,2000
용산,절도,검거,388,2000
용산,폭력,발생,2667,2000
용산,폭력,검거,2462,2000
성북,살인,발생,3,2000
성북,살인,검거,3,2000
성북,강도,발생,27,2000
성북,강도,검거,24,2000
성북,강간,발생,38,2000
성북,강간,검거,32,2000
성북,절도,발생,629,2000
성북,절도,검거,265,2000
성북,폭력,발생,1877,2000
성북,폭력,검거,1800,2000
동대문,살인,발생,5,2000
동대문,살인,검거,6,2000
동대문,강도,발생,69,2000
동대문,강도,검거,59,2000
동대문,강간,발생,72,2000
동대문,강간,검거,65,2000
동대문,절도,발생,849,2000
동대문,절도,검거,529,2000
동대문,폭력,발생,4284,2000
동대문,폭력,검거,4206,2000
마포,살인,발생,3,2000
마포,살인,검거,5,2000
마포,강도,발생,59,2000
마포,강도,검거,35,2000
마포,강간,발생,71,2000
마포,강간,검거,57,2000
마포,절도,발생,1295,2000
마포,절도,검거,416,2000
마포,폭력,발생,3931,2000
마포,폭력,검거,3678,2000
영등포,살인,발생,6,2000
영등포,살인,검거,7,2000
영등포,강도,발생,47,2000
영등포,강도,검거,34,2000
영등포,강간,발생,50,2000
영등포,강간,검거,44,2000
영등포,절도,발생,1101,2000
영등포,절도,검거,348,2000
영등포,폭력,발생,3225,2000
영등포,폭력,검거,2965,2000
성동,살인,발생,10,2000
성동,살인,검거,10,2000
성동,강도,발생,27,2000
성동,강도,검거,21,2000
성동,강간,발생,39,2000
성동,강간,검거,36,2000
성동,절도,발생,1775,2000
성동,절도,검거,463,2000
성동,폭력,발생,3198,2000
성동,폭력,검거,2871,2000
동작,살인,발생,13,2000
동작,살인,검거,13,2000
동작,강도,발생,53,2000
동작,강도,검거,28,2000
동작,강간,발생,67,2000
동작,강간,검거,60,2000
동작,절도,발생,1448,2000
동작,절도,검거,474,2000
동작,폭력,발생,3367,2000
동작,폭력,검거,3086,2000
광진,살인,발생,2,2000
광진,살인,검거,5,2000
광진,강도,발생,58,2000
광진,강도,검거,54,2000
광진,강간,발생,69,2000
광진,강간,검거,72,2000
광진,절도,발생,1738,2000
광진,절도,검거,697,2000
광진,폭력,발생,4575,2000
광진,폭력,검거,4379,2000
서부,살인,발생,6,2000
서부,살인,검거,6,2000
서부,강도,발생,21,2000
서부,강도,검거,13,2000
서부,강간,발생,33,2000
서부,강간,검거,27,2000
서부,절도,발생,822,2000
서부,절도,검거,324,2000
서부,폭력,발생,3032,2000
서부,폭력,검거,2715,2000
강북,살인,발생,9,2000
강북,살인,검거,8,2000
강북,강도,발생,47,2000
강북,강도,검거,48,2000
강북,강간,발생,47,2000
강북,강간,검거,48,2000
강북,절도,발생,859,2000
강북,절도,검거,458,2000
강북,폭력,발생,3624,2000
강북,폭력,검거,3446,2000
금천,살인,발생,10,2000
금천,살인,검거,9,2000
금천,강도,발생,73,2000
금천,강도,검거,58,2000
금천,강간,발생,66,2000
금천,강간,검거,63,2000
금천,절도,발생,1799,2000
금천,절도,검거,586,2000
금천,폭력,발생,4808,2000
금천,폭력,검거,4376,2000
중랑,살인,발생,13,2000
중랑,살인,검거,12,2000
중랑,강도,발생,82,2000
중랑,강도,검거,43,2000
중랑,강간,발생,74,2000
중랑,강간,검거,69,2000
중랑,절도,발생,1042,2000
중랑,절도,검거,555,2000
중랑,폭력,발생,3887,2000
중랑,폭력,검거,3744,2000
강남,살인,발생,3,2000
강남,살인,검거,4,2000
강남,강도,발생,146,2000
강남,강도,검거,72,2000
강남,강간,발생,78,2000
강남,강간,검거,70,2000
강남,절도,발생,2653,2000
강남,절도,검거,523,2000
강남,폭력,발생,4892,2000
강남,폭력,검거,4345,2000
관악,살인,발생,8,2000
관악,살인,검거,7,2000
관악,강도,발생,56,2000
관악,강도,검거,36,2000
관악,강간,발생,59,2000
관악,강간,검거,44,2000
관악,절도,발생,1764,2000
관악,절도,검거,349,2000
관악,폭력,발생,2921,2000
관악,폭력,검거,2658,2000
강서,살인,발생,6,2000
강서,살인,검거,7,2000
강서,강도,발생,75,2000
강서,강도,검거,55,2000
강서,강간,발생,75,2000
강서,강간,검거,64,2000
강서,절도,발생,1559,2000
강서,절도,검거,509,2000
강서,폭력,발생,4361,2000
강서,폭력,검거,3988,2000
강동,살인,발생,12,2000
강동,살인,검거,11,2000
강동,강도,발생,49,2000
강동,강도,검거,40,2000
강동,강간,발생,62,2000
강동,강간,검거,58,2000
강동,절도,발생,1838,2000
강동,절도,검거,671,2000
강동,폭력,발생,4716,2000
강동,폭력,검거,4333,2000
종암,살인,발생,8,2000
종암,살인,검거,8,2000
종암,강도,발생,28,2000
종암,강도,검거,26,2000
종암,강간,발생,39,2000
종암,강간,검거,39,2000
종암,절도,발생,825,2000
종암,절도,검거,372,2000
종암,폭력,발생,2959,2000
종암,폭력,검거,2787,2000
구로,살인,발생,10,2000
구로,살인,검거,10,2000
구로,강도,발생,35,2000
구로,강도,검거,37,2000
구로,강간,발생,55,2000
구로,강간,검거,53,2000
구로,절도,발생,982,2000
구로,절도,검거,345,2000
구로,폭력,발생,3275,2000
구로,폭력,검거,3056,2000
서초,살인,발생,2,2000
서초,살인,검거,2,2000
서초,강도,발생,66,2000
서초,강도,검거,42,2000
서초,강간,발생,67,2000
서초,강간,검거,61,2000
서초,절도,발생,1079,2000
서초,절도,검거,431,2000
서초,폭력,발생,2618,2000
서초,폭력,검거,2538,2000
양천,살인,발생,5,2000
양천,살인,검거,6,2000
양천,강도,발생,50,2000
양천,강도,검거,28,2000
양천,강간,발생,49,2000
양천,강간,검거,44,2000
양천,절도,발생,1383,2000
양천,절도,검거,419,2000
양천,폭력,발생,2871,2000
양천,폭력,검거,2611,2000
송파,살인,발생,2,2000
송파,살인,검거,2,2000
송파,강도,발생,32,2000
송파,강도,검거,24,2000
송파,강간,발생,62,2000
송파,강간,검거,46,2000
송파,절도,발생,1672,2000
송파,절도,검거,404,2000
송파,폭력,발생,3800,2000
송파,폭력,검거,3224,2000
노원,살인,발생,3,2000
노원,살인,검거,3,2000
노원,강도,발생,19,2000
노원,강도,검거,18,2000
노원,강간,발생,40,2000
노원,강간,검거,32,2000
노원,절도,발생,741,2000
노원,절도,검거,334,2000
노원,폭력,발생,2321,2000
노원,폭력,검거,2231,2000
방배,살인,발생,1,2000
방배,살인,검거,1,2000
방배,강도,발생,23,2000
방배,강도,검거,19,2000
방배,강간,발생,44,2000
방배,강간,검거,31,2000
방배,절도,발생,746,2000
방배,절도,검거,226,2000
방배,폭력,발생,1540,2000
방배,폭력,검거,1425,2000
은평,살인,발생,2,2000
은평,살인,검거,1,2000
은평,강도,발생,20,2000
은평,강도,검거,27,2000
은평,강간,발생,28,2000
은평,강간,검거,24,2000
은평,절도,발생,658,2000
은평,절도,검거,212,2000
은평,폭력,발생,2223,2000
은평,폭력,검거,2092,2000
도봉,살인,발생,3,2000
도봉,살인,검거,2,2000
도봉,강도,발생,17,2000
도봉,강도,검거,11,2000
도봉,강간,발생,46,2000
도봉,강간,검거,37,2000
도봉,절도,발생,813,2000
도봉,절도,검거,326,2000
도봉,폭력,발생,2778,2000
도봉,폭력,검거,2642,2000
수서,살인,발생,3,2000
수서,살인,검거,3,2000
수서,강도,발생,52,2000
수서,강도,검거,35,2000
수서,강간,발생,31,2000
수서,강간,검거,29,2000
수서,절도,발생,1183,2000
수서,절도,검거,352,2000
수서,폭력,발생,3351,2000
수서,폭력,검거,2983,2000
중부,살인,발생,0,2001
중부,살인,검거,0,2001
중부,강도,발생,17,2001
중부,강도,검거,6,2001
중부,강간,발생,80,2001
중부,강간,검거,22,2001
중부,절도,발생,1156,2001
중부,절도,검거,388,2001
중부,폭력,발생,1647,2001
중부,폭력,검거,1471,2001
종로,살인,발생,3,2001
종로,살인,검거,3,2001
종로,강도,발생,14,2001
종로,강도,검거,41,2001
종로,강간,발생,37,2001
종로,강간,검거,35,2001
종로,절도,발생,779,2001
종로,절도,검거,540,2001
종로,폭력,발생,2096,2001
종로,폭력,검거,1903,2001
남대문,살인,발생,6,2001
남대문,살인,검거,6,2001
남대문,강도,발생,14,2001
남대문,강도,검거,15,2001
남대문,강간,발생,16,2001
남대문,강간,검거,18,2001
남대문,절도,발생,910,2001
남대문,절도,검거,414,2001
남대문,폭력,발생,1364,2001
남대문,폭력,검거,1306,2001
서대문,살인,발생,2,2001
서대문,살인,검거,3,2001
서대문,강도,발생,51,2001
서대문,강도,검거,48,2001
서대문,강간,발생,69,2001
서대문,강간,검거,47,2001
서대문,절도,발생,1065,2001
서대문,절도,검거,638,2001
서대문,폭력,발생,2611,2001
서대문,폭력,검거,2359,2001
혜화,살인,발생,4,2001
혜화,살인,검거,4,2001
혜화,강도,발생,33,2001
혜화,강도,검거,26,2001
혜화,강간,발생,113,2001
혜화,강간,검거,51,2001
혜화,절도,발생,1521,2001
혜화,절도,검거,774,2001
혜화,폭력,발생,2529,2001
혜화,폭력,검거,2312,2001
용산,살인,발생,3,2001
용산,살인,검거,3,2001
용산,강도,발생,71,2001
용산,강도,검거,45,2001
용산,강간,발생,38,2001
용산,강간,검거,31,2001
용산,절도,발생,1845,2001
용산,절도,검거,1604,2001
용산,폭력,발생,2519,2001
용산,폭력,검거,2214,2001
성북,살인,발생,2,2001
성북,살인,검거,1,2001
성북,강도,발생,22,2001
성북,강도,검거,22,2001
성북,강간,발생,50,2001
성북,강간,검거,35,2001
성북,절도,발생,771,2001
성북,절도,검거,698,2001
성북,폭력,발생,1759,2001
성북,폭력,검거,1619,2001
동대문,살인,발생,11,2001
동대문,살인,검거,10,2001
동대문,강도,발생,48,2001
동대문,강도,검거,33,2001
동대문,강간,발생,76,2001
동대문,강간,검거,81,2001
동대문,절도,발생,1543,2001
동대문,절도,검거,790,2001
동대문,폭력,발생,4390,2001
동대문,폭력,검거,4169,2001
마포,살인,발생,3,2001
마포,살인,검거,3,2001
마포,강도,발생,89,2001
마포,강도,검거,34,2001
마포,강간,발생,73,2001
마포,강간,검거,53,2001
마포,절도,발생,3053,2001
마포,절도,검거,1902,2001
마포,폭력,발생,3912,2001
마포,폭력,검거,3532,2001
영등포,살인,발생,7,2001
영등포,살인,검거,9,2001
영등포,강도,발생,54,2001
영등포,강도,검거,36,2001
영등포,강간,발생,76,2001
영등포,강간,검거,61,2001
영등포,절도,발생,1675,2001
영등포,절도,검거,552,2001
영등포,폭력,발생,3470,2001
영등포,폭력,검거,3021,2001
성동,살인,발생,2,2001
성동,살인,검거,3,2001
성동,강도,발생,44,2001
성동,강도,검거,58,2001
성동,강간,발생,60,2001
성동,강간,검거,44,2001
성동,절도,발생,1441,2001
성동,절도,검거,616,2001
성동,폭력,발생,3203,2001
성동,폭력,검거,2892,2001
동작,살인,발생,5,2001
동작,살인,검거,6,2001
동작,강도,발생,79,2001
동작,강도,검거,44,2001
동작,강간,발생,76,2001
동작,강간,검거,64,2001
동작,절도,발생,1484,2001
동작,절도,검거,860,2001
동작,폭력,발생,3120,2001
동작,폭력,검거,2803,2001
광진,살인,발생,14,2001
광진,살인,검거,18,2001
광진,강도,발생,125,2001
광진,강도,검거,93,2001
광진,강간,발생,104,2001
광진,강간,검거,84,2001
광진,절도,발생,2389,2001
광진,절도,검거,1088,2001
광진,폭력,발생,4710,2001
광진,폭력,검거,4110,2001
서부,살인,발생,8,2001
서부,살인,검거,8,2001
서부,강도,발생,33,2001
서부,강도,검거,16,2001
서부,강간,발생,40,2001
서부,강간,검거,37,2001
서부,절도,발생,1491,2001
서부,절도,검거,643,2001
서부,폭력,발생,2905,2001
서부,폭력,검거,2767,2001
강북,살인,발생,6,2001
강북,살인,검거,4,2001
강북,강도,발생,62,2001
강북,강도,검거,69,2001
강북,강간,발생,53,2001
강북,강간,검거,46,2001
강북,절도,발생,1494,2001
강북,절도,검거,1032,2001
강북,폭력,발생,3625,2001
강북,폭력,검거,3357,2001
금천,살인,발생,13,2001
금천,살인,검거,16,2001
금천,강도,발생,93,2001
금천,강도,검거,69,2001
금천,강간,발생,80,2001
금천,강간,검거,70,2001
금천,절도,발생,2315,2001
금천,절도,검거,941,2001
금천,폭력,발생,4914,2001
금천,폭력,검거,4273,2001
중랑,살인,발생,16,2001
중랑,살인,검거,17,2001
중랑,강도,발생,86,2001
중랑,강도,검거,68,2001
중랑,강간,발생,85,2001
중랑,강간,검거,70,2001
중랑,절도,발생,1839,2001
중랑,절도,검거,846,2001
중랑,폭력,발생,4093,2001
중랑,폭력,검거,3594,2001
강남,살인,발생,13,2001
강남,살인,검거,18,2001
강남,강도,발생,153,2001
강남,강도,검거,116,2001
강남,강간,발생,109,2001
강남,강간,검거,65,2001
강남,절도,발생,3655,2001
강남,절도,검거,1109,2001
강남,폭력,발생,4775,2001
강남,폭력,검거,4082,2001
관악,살인,발생,3,2001
관악,살인,검거,2,2001
관악,강도,발생,63,2001
관악,강도,검거,37,2001
관악,강간,발생,133,2001
관악,강간,검거,61,2001
관악,절도,발생,2236,2001
관악,절도,검거,777,2001
관악,폭력,발생,3200,2001
관악,폭력,검거,2897,2001
강서,살인,발생,16,2001
강서,살인,검거,18,2001
강서,강도,발생,78,2001
강서,강도,검거,48,2001
강서,강간,발생,62,2001
강서,강간,검거,54,2001
강서,절도,발생,2088,2001
강서,절도,검거,800,2001
강서,폭력,발생,4733,2001
강서,폭력,검거,4185,2001
강동,살인,발생,9,2001
강동,살인,검거,11,2001
강동,강도,발생,62,2001
강동,강도,검거,80,2001
강동,강간,발생,59,2001
강동,강간,검거,59,2001
강동,절도,발생,1713,2001
강동,절도,검거,858,2001
강동,폭력,발생,4215,2001
강동,폭력,검거,3897,2001
종암,살인,발생,10,2001
종암,살인,검거,12,2001
종암,강도,발생,41,2001
종암,강도,검거,50,2001
종암,강간,발생,55,2001
종암,강간,검거,36,2001
종암,절도,발생,941,2001
종암,절도,검거,577,2001
종암,폭력,발생,2774,2001
종암,폭력,검거,2580,2001
구로,살인,발생,4,2001
구로,살인,검거,5,2001
구로,강도,발생,79,2001
구로,강도,검거,36,2001
구로,강간,발생,67,2001
구로,강간,검거,45,2001
구로,절도,발생,2466,2001
구로,절도,검거,1010,2001
구로,폭력,발생,3457,2001
구로,폭력,검거,2891,2001
서초,살인,발생,3,2001
서초,살인,검거,6,2001
서초,강도,발생,145,2001
서초,강도,검거,62,2001
서초,강간,발생,171,2001
서초,강간,검거,44,2001
서초,절도,발생,2163,2001
서초,절도,검거,899,2001
서초,폭력,발생,3237,2001
서초,폭력,검거,2978,2001
양천,살인,발생,8,2001
양천,살인,검거,8,2001
양천,강도,발생,72,2001
양천,강도,검거,51,2001
양천,강간,발생,55,2001
양천,강간,검거,49,2001
양천,절도,발생,1963,2001
양천,절도,검거,1352,2001
양천,폭력,발생,3345,2001
양천,폭력,검거,2918,2001
송파,살인,발생,5,2001
송파,살인,검거,5,2001
송파,강도,발생,42,2001
송파,강도,검거,47,2001
송파,강간,발생,50,2001
송파,강간,검거,41,2001
송파,절도,발생,1780,2001
송파,절도,검거,1008,2001
송파,폭력,발생,3368,2001
송파,폭력,검거,2876,2001
노원,살인,발생,8,2001
노원,살인,검거,9,2001
노원,강도,발생,25,2001
노원,강도,검거,30,2001
노원,강간,발생,38,2001
노원,강간,검거,36,2001
노원,절도,발생,954,2001
노원,절도,검거,573,2001
노원,폭력,발생,2527,2001
노원,폭력,검거,2345,2001
방배,살인,발생,6,2001
방배,살인,검거,6,2001
방배,강도,발생,51,2001
방배,강도,검거,40,2001
방배,강간,발생,146,2001
방배,강간,검거,32,2001
방배,절도,발생,1534,2001
방배,절도,검거,881,2001
방배,폭력,발생,1900,2001
방배,폭력,검거,1659,2001
은평,살인,발생,6,2001
은평,살인,검거,7,2001
은평,강도,발생,30,2001
은평,강도,검거,18,2001
은평,강간,발생,30,2001
은평,강간,검거,31,2001
은평,절도,발생,1005,2001
은평,절도,검거,569,2001
은평,폭력,발생,2314,2001
은평,폭력,검거,2004,2001
도봉,살인,발생,3,2001
도봉,살인,검거,2,2001
도봉,강도,발생,33,2001
도봉,강도,검거,17,2001
도봉,강간,발생,37,2001
도봉,강간,검거,31,2001
도봉,절도,발생,1293,2001
도봉,절도,검거,743,2001
도봉,폭력,발생,3115,2001
도봉,폭력,검거,2866,2001
수서,살인,발생,4,2001
수서,살인,검거,5,2001
수서,강도,발생,64,2001
수서,강도,검거,35,2001
수서,강간,발생,48,2001
수서,강간,검거,43,2001
수서,절도,발생,1665,2001
수서,절도,검거,632,2001
수서,폭력,발생,3164,2001
수서,폭력,검거,2629,2001
중부,살인,발생,1,2002
중부,살인,검거,2,2002
중부,강도,발생,21,2002
중부,강도,검거,18,2002
중부,강간,발생,59,2002
중부,강간,검거,24,2002
중부,절도,발생,1205,2002
중부,절도,검거,810,2002
중부,폭력,발생,1392,2002
중부,폭력,검거,1341,2002
종로,살인,발생,0,2002
종로,살인,검거,1,2002
종로,강도,발생,20,2002
종로,강도,검거,21,2002
종로,강간,발생,33,2002
종로,강간,검거,30,2002
종로,절도,발생,874,2002
종로,절도,검거,1102,2002
종로,폭력,발생,1593,2002
종로,폭력,검거,1471,2002
남대문,살인,발생,2,2002
남대문,살인,검거,3,2002
남대문,강도,발생,26,2002
남대문,강도,검거,25,2002
남대문,강간,발생,20,2002
남대문,강간,검거,19,2002
남대문,절도,발생,1146,2002
남대문,절도,검거,897,2002
남대문,폭력,발생,1090,2002
남대문,폭력,검거,1020,2002
서대문,살인,발생,1,2002
서대문,살인,검거,1,2002
서대문,강도,발생,75,2002
서대문,강도,검거,76,2002
서대문,강간,발생,40,2002
서대문,강간,검거,34,2002
서대문,절도,발생,1748,2002
서대문,절도,검거,1798,2002
서대문,폭력,발생,2083,2002
서대문,폭력,검거,1935,2002
혜화,살인,발생,4,2002
혜화,살인,검거,4,2002
혜화,강도,발생,28,2002
혜화,강도,검거,23,2002
혜화,강간,발생,82,2002
혜화,강간,검거,42,2002
혜화,절도,발생,1574,2002
혜화,절도,검거,1094,2002
혜화,폭력,발생,2019,2002
혜화,폭력,검거,1843,2002
용산,살인,발생,2,2002
용산,살인,검거,3,2002
용산,강도,발생,64,2002
용산,강도,검거,30,2002
용산,강간,발생,58,2002
용산,강간,검거,37,2002
용산,절도,발생,1837,2002
용산,절도,검거,2019,2002
용산,폭력,발생,2049,2002
용산,폭력,검거,1718,2002
성북,살인,발생,6,2002
성북,살인,검거,6,2002
성북,강도,발생,26,2002
성북,강도,검거,86,2002
성북,강간,발생,49,2002
성북,강간,검거,25,2002
성북,절도,발생,877,2002
성북,절도,검거,1557,2002
성북,폭력,발생,1465,2002
성북,폭력,검거,1368,2002
동대문,살인,발생,8,2002
동대문,살인,검거,8,2002
동대문,강도,발생,71,2002
동대문,강도,검거,55,2002
동대문,강간,발생,72,2002
동대문,강간,검거,63,2002
동대문,절도,발생,2032,2002
동대문,절도,검거,2186,2002
동대문,폭력,발생,3602,2002
동대문,폭력,검거,3461,2002
마포,살인,발생,4,2002
마포,살인,검거,6,2002
마포,강도,발생,144,2002
마포,강도,검거,177,2002
마포,강간,발생,60,2002
마포,강간,검거,57,2002
마포,절도,발생,2895,2002
마포,절도,검거,1977,2002
마포,폭력,발생,3267,2002
마포,폭력,검거,2877,2002
영등포,살인,발생,3,2002
영등포,살인,검거,2,2002
영등포,강도,발생,51,2002
영등포,강도,검거,62,2002
영등포,강간,발생,55,2002
영등포,강간,검거,51,2002
영등포,절도,발생,2723,2002
영등포,절도,검거,2388,2002
영등포,폭력,발생,2636,2002
영등포,폭력,검거,2320,2002
성동,살인,발생,4,2002
성동,살인,검거,5,2002
성동,강도,발생,37,2002
성동,강도,검거,50,2002
성동,강간,발생,42,2002
성동,강간,검거,25,2002
성동,절도,발생,1563,2002
성동,절도,검거,1660,2002
성동,폭력,발생,2234,2002
성동,폭력,검거,2062,2002
동작,살인,발생,10,2002
동작,살인,검거,8,2002
동작,강도,발생,56,2002
동작,강도,검거,24,2002
동작,강간,발생,43,2002
동작,강간,검거,36,2002
동작,절도,발생,2358,2002
동작,절도,검거,1876,2002
동작,폭력,발생,2299,2002
동작,폭력,검거,2088,2002
광진,살인,발생,12,2002
광진,살인,검거,15,2002
광진,강도,발생,88,2002
광진,강도,검거,71,2002
광진,강간,발생,90,2002
광진,강간,검거,62,2002
광진,절도,발생,3607,2002
광진,절도,검거,2331,2002
광진,폭력,발생,3749,2002
광진,폭력,검거,3332,2002
서부,살인,발생,5,2002
서부,살인,검거,6,2002
서부,강도,발생,158,2002
서부,강도,검거,170,2002
서부,강간,발생,38,2002
서부,강간,검거,39,2002
서부,절도,발생,1761,2002
서부,절도,검거,1517,2002
서부,폭력,발생,2187,2002
서부,폭력,검거,2055,2002
강북,살인,발생,7,2002
강북,살인,검거,7,2002
강북,강도,발생,79,2002
강북,강도,검거,89,2002
강북,강간,발생,69,2002
강북,강간,검거,65,2002
강북,절도,발생,1847,2002
강북,절도,검거,1261,2002
강북,폭력,발생,3035,2002
강북,폭력,검거,2775,2002
금천,살인,발생,16,2002
금천,살인,검거,22,2002
금천,강도,발생,73,2002
금천,강도,검거,54,2002
금천,강간,발생,64,2002
금천,강간,검거,61,2002
금천,절도,발생,2061,2002
금천,절도,검거,1760,2002
금천,폭력,발생,3864,2002
금천,폭력,검거,3463,2002
중랑,살인,발생,8,2002
중랑,살인,검거,8,2002
중랑,강도,발생,68,2002
중랑,강도,검거,57,2002
중랑,강간,발생,72,2002
중랑,강간,검거,72,2002
중랑,절도,발생,2627,2002
중랑,절도,검거,2409,2002
중랑,폭력,발생,3992,2002
중랑,폭력,검거,3488,2002
강남,살인,발생,3,2002
강남,살인,검거,6,2002
강남,강도,발생,252,2002
강남,강도,검거,207,2002
강남,강간,발생,80,2002
강남,강간,검거,58,2002
강남,절도,발생,3744,2002
강남,절도,검거,2218,2002
강남,폭력,발생,3787,2002
강남,폭력,검거,3450,2002
관악,살인,발생,8,2002
관악,살인,검거,8,2002
관악,강도,발생,66,2002
관악,강도,검거,43,2002
관악,강간,발생,106,2002
관악,강간,검거,40,2002
관악,절도,발생,2625,2002
관악,절도,검거,1470,2002
관악,폭력,발생,2915,2002
관악,폭력,검거,2604,2002
강서,살인,발생,8,2002
강서,살인,검거,10,2002
강서,강도,발생,71,2002
강서,강도,검거,71,2002
강서,강간,발생,80,2002
강서,강간,검거,74,2002
강서,절도,발생,2504,2002
강서,절도,검거,1473,2002
강서,폭력,발생,4134,2002
강서,폭력,검거,3791,2002
강동,살인,발생,6,2002
강동,살인,검거,6,2002
강동,강도,발생,66,2002
강동,강도,검거,63,2002
강동,강간,발생,60,2002
강동,강간,검거,54,2002
강동,절도,발생,1666,2002
강동,절도,검거,1633,2002
강동,폭력,발생,3255,2002
강동,폭력,검거,2990,2002
종암,살인,발생,5,2002
종암,살인,검거,5,2002
종암,강도,발생,52,2002
종암,강도,검거,49,2002
종암,강간,발생,51,2002
종암,강간,검거,50,2002
종암,절도,발생,1772,2002
종암,절도,검거,1745,2002
종암,폭력,발생,2306,2002
종암,폭력,검거,2091,2002
구로,살인,발생,4,2002
구로,살인,검거,7,2002
구로,강도,발생,75,2002
구로,강도,검거,52,2002
구로,강간,발생,82,2002
구로,강간,검거,55,2002
구로,절도,발생,2417,2002
구로,절도,검거,1447,2002
구로,폭력,발생,3158,2002
구로,폭력,검거,2710,2002
서초,살인,발생,6,2002
서초,살인,검거,5,2002
서초,강도,발생,121,2002
서초,강도,검거,76,2002
서초,강간,발생,108,2002
서초,강간,검거,60,2002
서초,절도,발생,1912,2002
서초,절도,검거,1163,2002
서초,폭력,발생,2552,2002
서초,폭력,검거,2358,2002
양천,살인,발생,6,2002
양천,살인,검거,7,2002
양천,강도,발생,75,2002
양천,강도,검거,74,2002
양천,강간,발생,49,2002
양천,강간,검거,46,2002
양천,절도,발생,2377,2002
양천,절도,검거,1793,2002
양천,폭력,발생,3016,2002
양천,폭력,검거,2679,2002
송파,살인,발생,6,2002
송파,살인,검거,6,2002
송파,강도,발생,54,2002
송파,강도,검거,76,2002
송파,강간,발생,43,2002
송파,강간,검거,41,2002
송파,절도,발생,1792,2002
송파,절도,검거,1438,2002
송파,폭력,발생,2856,2002
송파,폭력,검거,2521,2002
노원,살인,발생,7,2002
노원,살인,검거,6,2002
노원,강도,발생,25,2002
노원,강도,검거,29,2002
노원,강간,발생,36,2002
노원,강간,검거,31,2002
노원,절도,발생,1220,2002
노원,절도,검거,928,2002
노원,폭력,발생,2201,2002
노원,폭력,검거,2051,2002
방배,살인,발생,4,2002
방배,살인,검거,5,2002
방배,강도,발생,63,2002
방배,강도,검거,49,2002
방배,강간,발생,107,2002
방배,강간,검거,39,2002
방배,절도,발생,1387,2002
방배,절도,검거,1194,2002
방배,폭력,발생,1513,2002
방배,폭력,검거,1318,2002
은평,살인,발생,3,2002
은평,살인,검거,3,2002
은평,강도,발생,45,2002
은평,강도,검거,37,2002
은평,강간,발생,24,2002
은평,강간,검거,21,2002
은평,절도,발생,1638,2002
은평,절도,검거,1033,2002
은평,폭력,발생,2050,2002
은평,폭력,검거,1781,2002
도봉,살인,발생,2,2002
도봉,살인,검거,2,2002
도봉,강도,발생,36,2002
도봉,강도,검거,31,2002
도봉,강간,발생,41,2002
도봉,강간,검거,37,2002
도봉,절도,발생,1790,2002
도봉,절도,검거,1832,2002
도봉,폭력,발생,2735,2002
도봉,폭력,검거,2500,2002
수서,살인,발생,7,2002
수서,살인,검거,8,2002
수서,강도,발생,52,2002
수서,강도,검거,56,2002
수서,강간,발생,47,2002
수서,강간,검거,32,2002
수서,절도,발생,2120,2002
수서,절도,검거,1156,2002
수서,폭력,발생,2803,2002
수서,폭력,검거,2449,2002
중부,살인,발생,0,2003
중부,살인,검거,0,2003
중부,강도,발생,46,2003
중부,강도,검거,50,2003
중부,강간,발생,70,2003
중부,강간,검거,20,2003
중부,절도,발생,1077,2003
중부,절도,검거,645,2003
중부,폭력,발생,1296,2003
중부,폭력,검거,1177,2003
종로,살인,발생,3,2003
종로,살인,검거,3,2003
종로,강도,발생,33,2003
종로,강도,검거,32,2003
종로,강간,발생,36,2003
종로,강간,검거,34,2003
종로,절도,발생,754,2003
종로,절도,검거,590,2003
종로,폭력,발생,1402,2003
종로,폭력,검거,1256,2003
남대문,살인,발생,2,2003
남대문,살인,검거,2,2003
남대문,강도,발생,37,2003
남대문,강도,검거,36,2003
남대문,강간,발생,26,2003
남대문,강간,검거,19,2003
남대문,절도,발생,1057,2003
남대문,절도,검거,862,2003
남대문,폭력,발생,1185,2003
남대문,폭력,검거,1110,2003
서대문,살인,발생,3,2003
서대문,살인,검거,2,2003
서대문,강도,발생,156,2003
서대문,강도,검거,147,2003
서대문,강간,발생,46,2003
서대문,강간,검거,43,2003
서대문,절도,발생,1812,2003
서대문,절도,검거,1357,2003
서대문,폭력,발생,1765,2003
서대문,폭력,검거,1611,2003
혜화,살인,발생,5,2003
혜화,살인,검거,6,2003
혜화,강도,발생,45,2003
혜화,강도,검거,41,2003
혜화,강간,발생,94,2003
혜화,강간,검거,38,2003
혜화,절도,발생,1435,2003
혜화,절도,검거,1059,2003
혜화,폭력,발생,1890,2003
혜화,폭력,검거,1753,2003
용산,살인,발생,14,2003
용산,살인,검거,12,2003
용산,강도,발생,105,2003
용산,강도,검거,127,2003
용산,강간,발생,55,2003
용산,강간,검거,46,2003
용산,절도,발생,1696,2003
용산,절도,검거,1400,2003
용산,폭력,발생,2092,2003
용산,폭력,검거,1788,2003
성북,살인,발생,4,2003
성북,살인,검거,5,2003
성북,강도,발생,36,2003
성북,강도,검거,33,2003
성북,강간,발생,38,2003
성북,강간,검거,27,2003
성북,절도,발생,707,2003
성북,절도,검거,912,2003
성북,폭력,발생,1549,2003
성북,폭력,검거,1409,2003
동대문,살인,발생,8,2003
동대문,살인,검거,10,2003
동대문,강도,발생,120,2003
동대문,강도,검거,143,2003
동대문,강간,발생,90,2003
동대문,강간,검거,78,2003
동대문,절도,발생,2074,2003
동대문,절도,검거,2076,2003
동대문,폭력,발생,3448,2003
동대문,폭력,검거,3453,2003
마포,살인,발생,7,2003
마포,살인,검거,6,2003
마포,강도,발생,104,2003
마포,강도,검거,86,2003
마포,강간,발생,54,2003
마포,강간,검거,46,2003
마포,절도,발생,2873,2003
마포,절도,검거,1777,2003
마포,폭력,발생,3374,2003
마포,폭력,검거,3032,2003
영등포,살인,발생,8,2003
영등포,살인,검거,9,2003
영등포,강도,발생,76,2003
영등포,강도,검거,63,2003
영등포,강간,발생,54,2003
영등포,강간,검거,49,2003
영등포,절도,발생,2415,2003
영등포,절도,검거,2226,2003
영등포,폭력,발생,2493,2003
영등포,폭력,검거,2261,2003
성동,살인,발생,2,2003
성동,살인,검거,2,2003
성동,강도,발생,67,2003
성동,강도,검거,70,2003
성동,강간,발생,45,2003
성동,강간,검거,28,2003
성동,절도,발생,2087,2003
성동,절도,검거,2507,2003
성동,폭력,발생,2462,2003
성동,폭력,검거,2257,2003
동작,살인,발생,9,2003
동작,살인,검거,10,2003
동작,강도,발생,83,2003
동작,강도,검거,45,2003
동작,강간,발생,64,2003
동작,강간,검거,64,2003
동작,절도,발생,2348,2003
동작,절도,검거,2074,2003
동작,폭력,발생,2384,2003
동작,폭력,검거,2138,2003
광진,살인,발생,6,2003
광진,살인,검거,8,2003
광진,강도,발생,168,2003
광진,강도,검거,155,2003
광진,강간,발생,113,2003
광진,강간,검거,74,2003
광진,절도,발생,3112,2003
광진,절도,검거,2026,2003
광진,폭력,발생,4046,2003
광진,폭력,검거,3578,2003
서부,살인,발생,3,2003
서부,살인,검거,4,2003
서부,강도,발생,64,2003
서부,강도,검거,97,2003
서부,강간,발생,47,2003
서부,강간,검거,45,2003
서부,절도,발생,2045,2003
서부,절도,검거,1529,2003
서부,폭력,발생,2330,2003
서부,폭력,검거,2180,2003
강북,살인,발생,9,2003
강북,살인,검거,8,2003
강북,강도,발생,121,2003
강북,강도,검거,151,2003
강북,강간,발생,66,2003
강북,강간,검거,59,2003
강북,절도,발생,2148,2003
강북,절도,검거,2104,2003
강북,폭력,발생,2988,2003
강북,폭력,검거,2714,2003
금천,살인,발생,15,2003
금천,살인,검거,14,2003
금천,강도,발생,112,2003
금천,강도,검거,96,2003
금천,강간,발생,68,2003
금천,강간,검거,54,2003
금천,절도,발생,2321,2003
금천,절도,검거,1465,2003
금천,폭력,발생,3887,2003
금천,폭력,검거,3456,2003
중랑,살인,발생,11,2003
중랑,살인,검거,13,2003
중랑,강도,발생,96,2003
중랑,강도,검거,110,2003
중랑,강간,발생,72,2003
중랑,강간,검거,58,2003
중랑,절도,발생,2735,2003
중랑,절도,검거,1671,2003
중랑,폭력,발생,4319,2003
중랑,폭력,검거,3814,2003
강남,살인,발생,7,2003
강남,살인,검거,10,2003
강남,강도,발생,139,2003
강남,강도,검거,146,2003
강남,강간,발생,117,2003
강남,강간,검거,90,2003
강남,절도,발생,2549,2003
강남,절도,검거,2074,2003
강남,폭력,발생,3556,2003
강남,폭력,검거,3455,2003
관악,살인,발생,4,2003
관악,살인,검거,3,2003
관악,강도,발생,82,2003
관악,강도,검거,105,2003
관악,강간,발생,126,2003
관악,강간,검거,67,2003
관악,절도,발생,2632,2003
관악,절도,검거,1058,2003
관악,폭력,발생,3005,2003
관악,폭력,검거,2704,2003
강서,살인,발생,5,2003
강서,살인,검거,5,2003
강서,강도,발생,206,2003
강서,강도,검거,203,2003
강서,강간,발생,64,2003
강서,강간,검거,56,2003
강서,절도,발생,2088,2003
강서,절도,검거,1218,2003
강서,폭력,발생,3719,2003
강서,폭력,검거,3493,2003
강동,살인,발생,6,2003
강동,살인,검거,6,2003
강동,강도,발생,234,2003
강동,강도,검거,237,2003
강동,강간,발생,64,2003
강동,강간,검거,60,2003
강동,절도,발생,1775,2003
강동,절도,검거,1088,2003
강동,폭력,발생,3377,2003
강동,폭력,검거,3145,2003
종암,살인,발생,2,2003
종암,살인,검거,4,2003
종암,강도,발생,99,2003
종암,강도,검거,102,2003
종암,강간,발생,53,2003
종암,강간,검거,53,2003
종암,절도,발생,1298,2003
종암,절도,검거,900,2003
종암,폭력,발생,2408,2003
종암,폭력,검거,2236,2003
구로,살인,발생,6,2003
구로,살인,검거,6,2003
구로,강도,발생,68,2003
구로,강도,검거,84,2003
구로,강간,발생,126,2003
구로,강간,검거,53,2003
구로,절도,발생,2034,2003
구로,절도,검거,1247,2003
구로,폭력,발생,2952,2003
구로,폭력,검거,2622,2003
서초,살인,발생,6,2003
서초,살인,검거,6,2003
서초,강도,발생,139,2003
서초,강도,검거,133,2003
서초,강간,발생,130,2003
서초,강간,검거,68,2003
서초,절도,발생,1405,2003
서초,절도,검거,1345,2003
서초,폭력,발생,2187,2003
서초,폭력,검거,2140,2003
양천,살인,발생,7,2003
양천,살인,검거,7,2003
양천,강도,발생,33,2003
양천,강도,검거,31,2003
양천,강간,발생,55,2003
양천,강간,검거,49,2003
양천,절도,발생,2215,2003
양천,절도,검거,1801,2003
양천,폭력,발생,2882,2003
양천,폭력,검거,2561,2003
송파,살인,발생,6,2003
송파,살인,검거,7,2003
송파,강도,발생,96,2003
송파,강도,검거,127,2003
송파,강간,발생,51,2003
송파,강간,검거,48,2003
송파,절도,발생,1596,2003
송파,절도,검거,1404,2003
송파,폭력,발생,2873,2003
송파,폭력,검거,2684,2003
노원,살인,발생,3,2003
노원,살인,검거,4,2003
노원,강도,발생,30,2003
노원,강도,검거,49,2003
노원,강간,발생,48,2003
노원,강간,검거,44,2003
노원,절도,발생,1238,2003
노원,절도,검거,855,2003
노원,폭력,발생,2526,2003
노원,폭력,검거,2367,2003
방배,살인,발생,2,2003
방배,살인,검거,3,2003
방배,강도,발생,45,2003
방배,강도,검거,67,2003
방배,강간,발생,115,2003
방배,강간,검거,30,2003
방배,절도,발생,1207,2003
방배,절도,검거,676,2003
방배,폭력,발생,1658,2003
방배,폭력,검거,1492,2003
은평,살인,발생,5,2003
은평,살인,검거,6,2003
은평,강도,발생,33,2003
은평,강도,검거,38,2003
은평,강간,발생,22,2003
은평,강간,검거,21,2003
은평,절도,발생,1672,2003
은평,절도,검거,1182,2003
은평,폭력,발생,2117,2003
은평,폭력,검거,1917,2003
도봉,살인,발생,2,2003
도봉,살인,검거,2,2003
도봉,강도,발생,45,2003
도봉,강도,검거,47,2003
도봉,강간,발생,57,2003
도봉,강간,검거,49,2003
도봉,절도,발생,1608,2003
도봉,절도,검거,1015,2003
도봉,폭력,발생,3047,2003
도봉,폭력,검거,2769,2003
수서,살인,발생,5,2003
수서,살인,검거,4,2003
수서,강도,발생,122,2003
수서,강도,검거,98,2003
수서,강간,발생,34,2003
수서,강간,검거,30,2003
수서,절도,발생,1694,2003
수서,절도,검거,1000,2003
수서,폭력,발생,2693,2003
수서,폭력,검거,2431,2003
중부,살인,발생,2,2004
중부,살인,검거,2,2004
중부,강도,발생,13,2004
중부,강도,검거,17,2004
중부,강간,발생,128,2004
중부,강간,검거,34,2004
중부,절도,발생,871,2004
중부,절도,검거,461,2004
중부,폭력,발생,1383,2004
중부,폭력,검거,1257,2004
종로,살인,발생,1,2004
종로,살인,검거,0,2004
종로,강도,발생,20,2004
종로,강도,검거,21,2004
종로,강간,발생,55,2004
종로,강간,검거,42,2004
종로,절도,발생,581,2004
종로,절도,검거,700,2004
종로,폭력,발생,1311,2004
종로,폭력,검거,1232,2004
남대문,살인,발생,1,2004
남대문,살인,검거,2,2004
남대문,강도,발생,18,2004
남대문,강도,검거,18,2004
남대문,강간,발생,40,2004
남대문,강간,검거,42,2004
남대문,절도,발생,637,2004
남대문,절도,검거,361,2004
남대문,폭력,발생,980,2004
남대문,폭력,검거,973,2004
서대문,살인,발생,5,2004
서대문,살인,검거,4,2004
서대문,강도,발생,52,2004
서대문,강도,검거,36,2004
서대문,강간,발생,85,2004
서대문,강간,검거,74,2004
서대문,절도,발생,1225,2004
서대문,절도,검거,577,2004
서대문,폭력,발생,1899,2004
서대문,폭력,검거,1761,2004
혜화,살인,발생,7,2004
혜화,살인,검거,6,2004
혜화,강도,발생,22,2004
혜화,강도,검거,16,2004
혜화,강간,발생,91,2004
혜화,강간,검거,53,2004
혜화,절도,발생,583,2004
혜화,절도,검거,705,2004
혜화,폭력,발생,1942,2004
혜화,폭력,검거,1868,2004
용산,살인,발생,8,2004
용산,살인,검거,8,2004
용산,강도,발생,49,2004
용산,강도,검거,35,2004
용산,강간,발생,73,2004
용산,강간,검거,69,2004
용산,절도,발생,997,2004
용산,절도,검거,593,2004
용산,폭력,발생,1942,2004
용산,폭력,검거,1813,2004
성북,살인,발생,6,2004
성북,살인,검거,5,2004
성북,강도,발생,39,2004
성북,강도,검거,23,2004
성북,강간,발생,67,2004
성북,강간,검거,50,2004
성북,절도,발생,962,2004
성북,절도,검거,820,2004
성북,폭력,발생,1557,2004
성북,폭력,검거,1481,2004
동대문,살인,발생,12,2004
동대문,살인,검거,12,2004
동대문,강도,발생,78,2004
동대문,강도,검거,89,2004
동대문,강간,발생,102,2004
동대문,강간,검거,107,2004
동대문,절도,발생,893,2004
동대문,절도,검거,789,2004
동대문,폭력,발생,3339,2004
동대문,폭력,검거,3303,2004
마포,살인,발생,24,2004
마포,살인,검거,9,2004
마포,강도,발생,78,2004
마포,강도,검거,66,2004
마포,강간,발생,87,2004
마포,강간,검거,74,2004
마포,절도,발생,2056,2004
마포,절도,검거,667,2004
마포,폭력,발생,3045,2004
마포,폭력,검거,2780,2004
영등포,살인,발생,5,2004
영등포,살인,검거,3,2004
영등포,강도,발생,53,2004
영등포,강도,검거,31,2004
영등포,강간,발생,75,2004
영등포,강간,검거,66,2004
영등포,절도,발생,1100,2004
영등포,절도,검거,723,2004
영등포,폭력,발생,2504,2004
영등포,폭력,검거,2382,2004
성동,살인,발생,5,2004
성동,살인,검거,5,2004
성동,강도,발생,49,2004
성동,강도,검거,40,2004
성동,강간,발생,68,2004
성동,강간,검거,55,2004
성동,절도,발생,999,2004
성동,절도,검거,509,2004
성동,폭력,발생,2314,2004
성동,폭력,검거,2231,2004
동작,살인,발생,18,2004
동작,살인,검거,17,2004
동작,강도,발생,52,2004
동작,강도,검거,69,2004
동작,강간,발생,76,2004
동작,강간,검거,63,2004
동작,절도,발생,1974,2004
동작,절도,검거,419,2004
동작,폭력,발생,2565,2004
동작,폭력,검거,2261,2004
광진,살인,발생,10,2004
광진,살인,검거,10,2004
광진,강도,발생,72,2004
광진,강도,검거,71,2004
광진,강간,발생,137,2004
광진,강간,검거,109,2004
광진,절도,발생,1886,2004
광진,절도,검거,778,2004
광진,폭력,발생,3762,2004
광진,폭력,검거,3299,2004
서부,살인,발생,7,2004
서부,살인,검거,8,2004
서부,강도,발생,34,2004
서부,강도,검거,69,2004
서부,강간,발생,69,2004
서부,강간,검거,65,2004
서부,절도,발생,846,2004
서부,절도,검거,730,2004
서부,폭력,발생,2190,2004
서부,폭력,검거,2138,2004
강북,살인,발생,15,2004
강북,살인,검거,15,2004
강북,강도,발생,46,2004
강북,강도,검거,41,2004
강북,강간,발생,81,2004
강북,강간,검거,80,2004
강북,절도,발생,729,2004
강북,절도,검거,527,2004
강북,폭력,발생,2784,2004
강북,폭력,검거,2699,2004
금천,살인,발생,16,2004
금천,살인,검거,14,2004
금천,강도,발생,86,2004
금천,강도,검거,41,2004
금천,강간,발생,102,2004
금천,강간,검거,101,2004
금천,절도,발생,1938,2004
금천,절도,검거,712,2004
금천,폭력,발생,3974,2004
금천,폭력,검거,3502,2004
중랑,살인,발생,7,2004
중랑,살인,검거,6,2004
중랑,강도,발생,52,2004
중랑,강도,검거,48,2004
중랑,강간,발생,98,2004
중랑,강간,검거,79,2004
중랑,절도,발생,827,2004
중랑,절도,검거,577,2004
중랑,폭력,발생,3838,2004
중랑,폭력,검거,3808,2004
강남,살인,발생,8,2004
강남,살인,검거,6,2004
강남,강도,발생,103,2004
강남,강도,검거,75,2004
강남,강간,발생,178,2004
강남,강간,검거,153,2004
강남,절도,발생,1271,2004
강남,절도,검거,764,2004
강남,폭력,발생,3742,2004
강남,폭력,검거,3571,2004
관악,살인,발생,0,2004
관악,살인,검거,0,2004
관악,강도,발생,75,2004
관악,강도,검거,29,2004
관악,강간,발생,175,2004
관악,강간,검거,90,2004
관악,절도,발생,1697,2004
관악,절도,검거,620,2004
관악,폭력,발생,2870,2004
관악,폭력,검거,2617,2004
강서,살인,발생,8,2004
강서,살인,검거,7,2004
강서,강도,발생,84,2004
강서,강도,검거,81,2004
강서,강간,발생,109,2004
강서,강간,검거,88,2004
강서,절도,발생,1914,2004
강서,절도,검거,859,2004
강서,폭력,발생,4213,2004
강서,폭력,검거,3886,2004
강동,살인,발생,7,2004
강동,살인,검거,7,2004
강동,강도,발생,63,2004
강동,강도,검거,60,2004
강동,강간,발생,97,2004
강동,강간,검거,89,2004
강동,절도,발생,999,2004
강동,절도,검거,779,2004
강동,폭력,발생,2977,2004
강동,폭력,검거,2977,2004
종암,살인,발생,7,2004
종암,살인,검거,6,2004
종암,강도,발생,22,2004
종암,강도,검거,35,2004
종암,강간,발생,90,2004
종암,강간,검거,69,2004
종암,절도,발생,939,2004
종암,절도,검거,740,2004
종암,폭력,발생,2651,2004
종암,폭력,검거,2567,2004
구로,살인,발생,13,2004
구로,살인,검거,13,2004
구로,강도,발생,51,2004
구로,강도,검거,39,2004
구로,강간,발생,167,2004
구로,강간,검거,83,2004
구로,절도,발생,1559,2004
구로,절도,검거,743,2004
구로,폭력,발생,3498,2004
구로,폭력,검거,3165,2004
서초,살인,발생,2,2004
서초,살인,검거,2,2004
서초,강도,발생,205,2004
서초,강도,검거,145,2004
서초,강간,발생,154,2004
서초,강간,검거,98,2004
서초,절도,발생,1220,2004
서초,절도,검거,787,2004
서초,폭력,발생,2673,2004
서초,폭력,검거,2469,2004
양천,살인,발생,6,2004
양천,살인,검거,6,2004
양천,강도,발생,36,2004
양천,강도,검거,46,2004
양천,강간,발생,81,2004
양천,강간,검거,75,2004
양천,절도,발생,1489,2004
양천,절도,검거,536,2004
양천,폭력,발생,2880,2004
양천,폭력,검거,2577,2004
송파,살인,발생,6,2004
송파,살인,검거,6,2004
송파,강도,발생,62,2004
송파,강도,검거,58,2004
송파,강간,발생,68,2004
송파,강간,검거,55,2004
송파,절도,발생,927,2004
송파,절도,검거,500,2004
송파,폭력,발생,2481,2004
송파,폭력,검거,2340,2004
노원,살인,발생,5,2004
노원,살인,검거,5,2004
노원,강도,발생,13,2004
노원,강도,검거,14,2004
노원,강간,발생,100,2004
노원,강간,검거,112,2004
노원,절도,발생,1084,2004
노원,절도,검거,726,2004
노원,폭력,발생,2391,2004
노원,폭력,검거,2275,2004
방배,살인,발생,2,2004
방배,살인,검거,3,2004
방배,강도,발생,25,2004
방배,강도,검거,24,2004
방배,강간,발생,111,2004
방배,강간,검거,66,2004
방배,절도,발생,721,2004
방배,절도,검거,482,2004
방배,폭력,발생,1563,2004
방배,폭력,검거,1493,2004
은평,살인,발생,5,2004
은평,살인,검거,5,2004
은평,강도,발생,24,2004
은평,강도,검거,26,2004
은평,강간,발생,56,2004
은평,강간,검거,59,2004
은평,절도,발생,848,2004
은평,절도,검거,484,2004
은평,폭력,발생,1852,2004
은평,폭력,검거,1772,2004
도봉,살인,발생,4,2004
도봉,살인,검거,3,2004
도봉,강도,발생,39,2004
도봉,강도,검거,37,2004
도봉,강간,발생,88,2004
도봉,강간,검거,80,2004
도봉,절도,발생,892,2004
도봉,절도,검거,562,2004
도봉,폭력,발생,2640,2004
도봉,폭력,검거,2498,2004
수서,살인,발생,6,2004
수서,살인,검거,5,2004
수서,강도,발생,45,2004
수서,강도,검거,33,2004
수서,강간,발생,66,2004
수서,강간,검거,53,2004
수서,절도,발생,1529,2004
수서,절도,검거,600,2004
수서,폭력,발생,2600,2004
수서,폭력,검거,2338,2004
중부,살인,발생,2,2005
중부,살인,검거,3,2005
중부,강도,발생,10,2005
중부,강도,검거,8,2005
중부,강간,발생,89,2005
중부,강간,검거,38,2005
중부,절도,발생,505,2005
중부,절도,검거,369,2005
중부,폭력,발생,1328,2005
중부,폭력,검거,1224,2005
종로,살인,발생,3,2005
종로,살인,검거,3,2005
종로,강도,발생,24,2005
종로,강도,검거,17,2005
종로,강간,발생,59,2005
종로,강간,검거,49,2005
종로,절도,발생,523,2005
종로,절도,검거,341,2005
종로,폭력,발생,1370,2005
종로,폭력,검거,1288,2005
남대문,살인,발생,1,2005
남대문,살인,검거,1,2005
남대문,강도,발생,10,2005
남대문,강도,검거,6,2005
남대문,강간,발생,29,2005
남대문,강간,검거,31,2005
남대문,절도,발생,357,2005
남대문,절도,검거,294,2005
남대문,폭력,발생,908,2005
남대문,폭력,검거,891,2005
서대문,살인,발생,5,2005
서대문,살인,검거,4,2005
서대문,강도,발생,43,2005
서대문,강도,검거,70,2005
서대문,강간,발생,97,2005
서대문,강간,검거,88,2005
서대문,절도,발생,1161,2005
서대문,절도,검거,632,2005
서대문,폭력,발생,1842,2005
서대문,폭력,검거,1701,2005
혜화,살인,발생,2,2005
혜화,살인,검거,2,2005
혜화,강도,발생,15,2005
혜화,강도,검거,14,2005
혜화,강간,발생,103,2005
혜화,강간,검거,69,2005
혜화,절도,발생,698,2005
혜화,절도,검거,744,2005
혜화,폭력,발생,2051,2005
혜화,폭력,검거,1999,2005
용산,살인,발생,9,2005
용산,살인,검거,9,2005
용산,강도,발생,56,2005
용산,강도,검거,50,2005
용산,강간,발생,83,2005
용산,강간,검거,87,2005
용산,절도,발생,602,2005
용산,절도,검거,542,2005
용산,폭력,발생,1766,2005
용산,폭력,검거,1756,2005
성북,살인,발생,5,2005
성북,살인,검거,6,2005
성북,강도,발생,22,2005
성북,강도,검거,28,2005
성북,강간,발생,62,2005
성북,강간,검거,44,2005
성북,절도,발생,796,2005
성북,절도,검거,503,2005
성북,폭력,발생,1391,2005
성북,폭력,검거,1322,2005
동대문,살인,발생,3,2005
동대문,살인,검거,3,2005
동대문,강도,발생,63,2005
동대문,강도,검거,43,2005
동대문,강간,발생,106,2005
동대문,강간,검거,104,2005
동대문,절도,발생,794,2005
동대문,절도,검거,753,2005
동대문,폭력,발생,2936,2005
동대문,폭력,검거,2907,2005
마포,살인,발생,4,2005
마포,살인,검거,5,2005
마포,강도,발생,71,2005
마포,강도,검거,39,2005
마포,강간,발생,107,2005
마포,강간,검거,86,2005
마포,절도,발생,1823,2005
마포,절도,검거,609,2005
마포,폭력,발생,2983,2005
마포,폭력,검거,2699,2005
영등포,살인,발생,4,2005
영등포,살인,검거,3,2005
영등포,강도,발생,30,2005
영등포,강도,검거,26,2005
영등포,강간,발생,87,2005
영등포,강간,검거,80,2005
영등포,절도,발생,938,2005
영등포,절도,검거,645,2005
영등포,폭력,발생,2429,2005
영등포,폭력,검거,2317,2005
성동,살인,발생,6,2005
성동,살인,검거,6,2005
성동,강도,발생,56,2005
성동,강도,검거,16,2005
성동,강간,발생,72,2005
성동,강간,검거,56,2005
성동,절도,발생,1406,2005
성동,절도,검거,698,2005
성동,폭력,발생,2290,2005
성동,폭력,검거,2158,2005
동작,살인,발생,11,2005
동작,살인,검거,8,2005
동작,강도,발생,66,2005
동작,강도,검거,42,2005
동작,강간,발생,102,2005
동작,강간,검거,89,2005
동작,절도,발생,1343,2005
동작,절도,검거,601,2005
동작,폭력,발생,2382,2005
동작,폭력,검거,2245,2005
광진,살인,발생,16,2005
광진,살인,검거,16,2005
광진,강도,발생,72,2005
광진,강도,검거,91,2005
광진,강간,발생,156,2005
광진,강간,검거,135,2005
광진,절도,발생,1434,2005
광진,절도,검거,884,2005
광진,폭력,발생,3219,2005
광진,폭력,검거,3153,2005
서부,살인,발생,6,2005
서부,살인,검거,5,2005
서부,강도,발생,37,2005
서부,강도,검거,24,2005
서부,강간,발생,54,2005
서부,강간,검거,49,2005
서부,절도,발생,1003,2005
서부,절도,검거,630,2005
서부,폭력,발생,2161,2005
서부,폭력,검거,2084,2005
강북,살인,발생,10,2005
강북,살인,검거,9,2005
강북,강도,발생,28,2005
강북,강도,검거,25,2005
강북,강간,발생,82,2005
강북,강간,검거,74,2005
강북,절도,발생,659,2005
강북,절도,검거,460,2005
강북,폭력,발생,2650,2005
강북,폭력,검거,2619,2005
금천,살인,발생,14,2005
금천,살인,검거,14,2005
금천,강도,발생,139,2005
금천,강도,검거,108,2005
금천,강간,발생,91,2005
금천,강간,검거,80,2005
금천,절도,발생,1854,2005
금천,절도,검거,770,2005
금천,폭력,발생,3664,2005
금천,폭력,검거,3356,2005
중랑,살인,발생,14,2005
중랑,살인,검거,15,2005
중랑,강도,발생,72,2005
중랑,강도,검거,68,2005
중랑,강간,발생,103,2005
중랑,강간,검거,84,2005
중랑,절도,발생,1066,2005
중랑,절도,검거,747,2005
중랑,폭력,발생,3567,2005
중랑,폭력,검거,3549,2005
강남,살인,발생,8,2005
강남,살인,검거,10,2005
강남,강도,발생,124,2005
강남,강도,검거,125,2005
강남,강간,발생,160,2005
강남,강간,검거,138,2005
강남,절도,발생,1573,2005
강남,절도,검거,1098,2005
강남,폭력,발생,3545,2005
강남,폭력,검거,3307,2005
관악,살인,발생,5,2005
관악,살인,검거,4,2005
관악,강도,발생,68,2005
관악,강도,검거,43,2005
관악,강간,발생,144,2005
관악,강간,검거,82,2005
관악,절도,발생,1727,2005
관악,절도,검거,678,2005
관악,폭력,발생,2730,2005
관악,폭력,검거,2503,2005
강서,살인,발생,10,2005
강서,살인,검거,8,2005
강서,강도,발생,86,2005
강서,강도,검거,65,2005
강서,강간,발생,112,2005
강서,강간,검거,93,2005
강서,절도,발생,1722,2005
강서,절도,검거,866,2005
강서,폭력,발생,3485,2005
강서,폭력,검거,3295,2005
강동,살인,발생,5,2005
강동,살인,검거,6,2005
강동,강도,발생,34,2005
강동,강도,검거,30,2005
강동,강간,발생,86,2005
강동,강간,검거,82,2005
강동,절도,발생,887,2005
강동,절도,검거,1210,2005
강동,폭력,발생,2729,2005
강동,폭력,검거,2759,2005
종암,살인,발생,6,2005
종암,살인,검거,5,2005
종암,강도,발생,34,2005
종암,강도,검거,50,2005
종암,강간,발생,95,2005
종암,강간,검거,91,2005
종암,절도,발생,943,2005
종암,절도,검거,904,2005
종암,폭력,발생,2251,2005
종암,폭력,검거,2167,2005
구로,살인,발생,10,2005
구로,살인,검거,11,2005
구로,강도,발생,59,2005
구로,강도,검거,39,2005
구로,강간,발생,142,2005
구로,강간,검거,98,2005
구로,절도,발생,1657,2005
구로,절도,검거,581,2005
구로,폭력,발생,3205,2005
구로,폭력,검거,2957,2005
서초,살인,발생,7,2005
서초,살인,검거,6,2005
서초,강도,발생,47,2005
서초,강도,검거,35,2005
서초,강간,발생,143,2005
서초,강간,검거,85,2005
서초,절도,발생,1017,2005
서초,절도,검거,973,2005
서초,폭력,발생,2372,2005
서초,폭력,검거,2206,2005
양천,살인,발생,12,2005
양천,살인,검거,10,2005
양천,강도,발생,39,2005
양천,강도,검거,18,2005
양천,강간,발생,79,2005
양천,강간,검거,75,2005
양천,절도,발생,1126,2005
양천,절도,검거,772,2005
양천,폭력,발생,2703,2005
양천,폭력,검거,2446,2005
송파,살인,발생,10,2005
송파,살인,검거,9,2005
송파,강도,발생,35,2005
송파,강도,검거,28,2005
송파,강간,발생,68,2005
송파,강간,검거,65,2005
송파,절도,발생,1406,2005
송파,절도,검거,444,2005
송파,폭력,발생,2561,2005
송파,폭력,검거,2366,2005
노원,살인,발생,10,2005
노원,살인,검거,11,2005
노원,강도,발생,17,2005
노원,강도,검거,14,2005
노원,강간,발생,60,2005
노원,강간,검거,61,2005
노원,절도,발생,1200,2005
노원,절도,검거,981,2005
노원,폭력,발생,2232,2005
노원,폭력,검거,2193,2005
방배,살인,발생,3,2005
방배,살인,검거,3,2005
방배,강도,발생,30,2005
방배,강도,검거,34,2005
방배,강간,발생,135,2005
방배,강간,검거,59,2005
방배,절도,발생,663,2005
방배,절도,검거,348,2005
방배,폭력,발생,1480,2005
방배,폭력,검거,1423,2005
은평,살인,발생,7,2005
은평,살인,검거,6,2005
은평,강도,발생,23,2005
은평,강도,검거,25,2005
은평,강간,발생,50,2005
은평,강간,검거,52,2005
은평,절도,발생,596,2005
은평,절도,검거,483,2005
은평,폭력,발생,1760,2005
은평,폭력,검거,1766,2005
도봉,살인,발생,6,2005
도봉,살인,검거,7,2005
도봉,강도,발생,23,2005
도봉,강도,검거,27,2005
도봉,강간,발생,64,2005
도봉,강간,검거,58,2005
도봉,절도,발생,1037,2005
도봉,절도,검거,832,2005
도봉,폭력,발생,2607,2005
도봉,폭력,검거,2569,2005
수서,살인,발생,5,2005
수서,살인,검거,5,2005
수서,강도,발생,48,2005
수서,강도,검거,35,2005
수서,강간,발생,93,2005
수서,강간,검거,81,2005
수서,절도,발생,1441,2005
수서,절도,검거,893,2005
수서,폭력,발생,2207,2005
수서,폭력,검거,2010,2005
중부,살인,발생,4,2006
중부,살인,검거,4,2006
중부,강도,발생,28,2006
중부,강도,검거,18,2006
중부,강간,발생,121,2006
중부,강간,검거,77,2006
중부,절도,발생,723,2006
중부,절도,검거,569,2006
중부,폭력,발생,1909,2006
중부,폭력,검거,1831,2006
종로,살인,발생,7,2006
종로,살인,검거,7,2006
종로,강도,발생,22,2006
종로,강도,검거,26,2006
종로,강간,발생,67,2006
종로,강간,검거,56,2006
종로,절도,발생,547,2006
종로,절도,검거,377,2006
종로,폭력,발생,1594,2006
종로,폭력,검거,1377,2006
남대문,살인,발생,2,2006
남대문,살인,검거,2,2006
남대문,강도,발생,10,2006
남대문,강도,검거,24,2006
남대문,강간,발생,50,2006
남대문,강간,검거,39,2006
남대문,절도,발생,559,2006
남대문,절도,검거,471,2006
남대문,폭력,발생,1042,2006
남대문,폭력,검거,1000,2006
서대문,살인,발생,7,2006
서대문,살인,검거,6,2006
서대문,강도,발생,30,2006
서대문,강도,검거,19,2006
서대문,강간,발생,147,2006
서대문,강간,검거,115,2006
서대문,절도,발생,1397,2006
서대문,절도,검거,663,2006
서대문,폭력,발생,2205,2006
서대문,폭력,검거,2085,2006
혜화,살인,발생,5,2006
혜화,살인,검거,6,2006
혜화,강도,발생,19,2006
혜화,강도,검거,9,2006
혜화,강간,발생,117,2006
혜화,강간,검거,75,2006
혜화,절도,발생,472,2006
혜화,절도,검거,584,2006
혜화,폭력,발생,1840,2006
혜화,폭력,검거,1848,2006
용산,살인,발생,9,2006
용산,살인,검거,8,2006
용산,강도,발생,40,2006
용산,강도,검거,20,2006
용산,강간,발생,81,2006
용산,강간,검거,77,2006
용산,절도,발생,626,2006
용산,절도,검거,542,2006
용산,폭력,발생,1628,2006
용산,폭력,검거,1586,2006
성북,살인,발생,5,2006
성북,살인,검거,4,2006
성북,강도,발생,29,2006
성북,강도,검거,19,2006
성북,강간,발생,88,2006
성북,강간,검거,57,2006
성북,절도,발생,692,2006
성북,절도,검거,358,2006
성북,폭력,발생,1343,2006
성북,폭력,검거,1287,2006
동대문,살인,발생,10,2006
동대문,살인,검거,9,2006
동대문,강도,발생,41,2006
동대문,강도,검거,37,2006
동대문,강간,발생,119,2006
동대문,강간,검거,116,2006
동대문,절도,발생,734,2006
동대문,절도,검거,624,2006
동대문,폭력,발생,2985,2006
동대문,폭력,검거,2966,2006
마포,살인,발생,4,2006
마포,살인,검거,4,2006
마포,강도,발생,45,2006
마포,강도,검거,39,2006
마포,강간,발생,128,2006
마포,강간,검거,130,2006
마포,절도,발생,1264,2006
마포,절도,검거,560,2006
마포,폭력,발생,2666,2006
마포,폭력,검거,2378,2006
영등포,살인,발생,12,2006
영등포,살인,검거,10,2006
영등포,강도,발생,52,2006
영등포,강도,검거,54,2006
영등포,강간,발생,159,2006
영등포,강간,검거,136,2006
영등포,절도,발생,1336,2006
영등포,절도,검거,828,2006
영등포,폭력,발생,3252,2006
영등포,폭력,검거,3119,2006
성동,살인,발생,5,2006
성동,살인,검거,5,2006
성동,강도,발생,33,2006
성동,강도,검거,54,2006
성동,강간,발생,88,2006
성동,강간,검거,87,2006
성동,절도,발생,973,2006
성동,절도,검거,809,2006
성동,폭력,발생,2026,2006
성동,폭력,검거,1949,2006
동작,살인,발생,7,2006
동작,살인,검거,9,2006
동작,강도,발생,41,2006
동작,강도,검거,35,2006
동작,강간,발생,144,2006
동작,강간,검거,91,2006
동작,절도,발생,818,2006
동작,절도,검거,538,2006
동작,폭력,발생,2162,2006
동작,폭력,검거,2058,2006
광진,살인,발생,7,2006
광진,살인,검거,7,2006
광진,강도,발생,77,2006
광진,강도,검거,49,2006
광진,강간,발생,149,2006
광진,강간,검거,130,2006
광진,절도,발생,1859,2006
광진,절도,검거,824,2006
광진,폭력,발생,2784,2006
광진,폭력,검거,2576,2006
서부,살인,발생,3,2006
서부,살인,검거,4,2006
서부,강도,발생,15,2006
서부,강도,검거,32,2006
서부,강간,발생,47,2006
서부,강간,검거,52,2006
서부,절도,발생,635,2006
서부,절도,검거,335,2006
서부,폭력,발생,1278,2006
서부,폭력,검거,1270,2006
강북,살인,발생,5,2006
강북,살인,검거,7,2006
강북,강도,발생,78,2006
강북,강도,검거,72,2006
강북,강간,발생,92,2006
강북,강간,검거,82,2006
강북,절도,발생,698,2006
강북,절도,검거,629,2006
강북,폭력,발생,2428,2006
강북,폭력,검거,2416,2006
금천,살인,발생,5,2006
금천,살인,검거,6,2006
금천,강도,발생,33,2006
금천,강도,검거,24,2006
금천,강간,발생,80,2006
금천,강간,검거,72,2006
금천,절도,발생,982,2006
금천,절도,검거,595,2006
금천,폭력,발생,2465,2006
금천,폭력,검거,2293,2006
중랑,살인,발생,11,2006
중랑,살인,검거,13,2006
중랑,강도,발생,53,2006
중랑,강도,검거,71,2006
중랑,강간,발생,119,2006
중랑,강간,검거,107,2006
중랑,절도,발생,1050,2006
중랑,절도,검거,1005,2006
중랑,폭력,발생,3160,2006
중랑,폭력,검거,3141,2006
강남,살인,발생,5,2006
강남,살인,검거,6,2006
강남,강도,발생,65,2006
강남,강도,검거,33,2006
강남,강간,발생,168,2006
강남,강간,검거,124,2006
강남,절도,발생,1014,2006
강남,절도,검거,461,2006
강남,폭력,발생,2853,2006
강남,폭력,검거,2666,2006
관악,살인,발생,5,2006
관악,살인,검거,4,2006
관악,강도,발생,63,2006
관악,강도,검거,44,2006
관악,강간,발생,236,2006
관악,강간,검거,129,2006
관악,절도,발생,1628,2006
관악,절도,검거,663,2006
관악,폭력,발생,3192,2006
관악,폭력,검거,2960,2006
강서,살인,발생,16,2006
강서,살인,검거,15,2006
강서,강도,발생,43,2006
강서,강도,검거,40,2006
강서,강간,발생,137,2006
강서,강간,검거,117,2006
강서,절도,발생,1267,2006
강서,절도,검거,710,2006
강서,폭력,발생,3186,2006
강서,폭력,검거,3053,2006
강동,살인,발생,4,2006
강동,살인,검거,3,2006
강동,강도,발생,35,2006
강동,강도,검거,42,2006
강동,강간,발생,117,2006
강동,강간,검거,117,2006
강동,절도,발생,672,2006
강동,절도,검거,604,2006
강동,폭력,발생,2619,2006
강동,폭력,검거,2574,2006
종암,살인,발생,6,2006
종암,살인,검거,4,2006
종암,강도,발생,23,2006
종암,강도,검거,30,2006
종암,강간,발생,44,2006
종암,강간,검거,52,2006
종암,절도,발생,469,2006
종암,절도,검거,371,2006
종암,폭력,발생,1294,2006
종암,폭력,검거,1250,2006
구로,살인,발생,16,2006
구로,살인,검거,13,2006
구로,강도,발생,39,2006
구로,강도,검거,33,2006
구로,강간,발생,200,2006
구로,강간,검거,130,2006
구로,절도,발생,1218,2006
구로,절도,검거,559,2006
구로,폭력,발생,3253,2006
구로,폭력,검거,3102,2006
서초,살인,발생,2,2006
서초,살인,검거,2,2006
서초,강도,발생,69,2006
서초,강도,검거,34,2006
서초,강간,발생,151,2006
서초,강간,검거,99,2006
서초,절도,발생,841,2006
서초,절도,검거,479,2006
서초,폭력,발생,2178,2006
서초,폭력,검거,2009,2006
양천,살인,발생,5,2006
양천,살인,검거,6,2006
양천,강도,발생,44,2006
양천,강도,검거,54,2006
양천,강간,발생,73,2006
양천,강간,검거,64,2006
양천,절도,발생,1055,2006
양천,절도,검거,622,2006
양천,폭력,발생,2454,2006
양천,폭력,검거,2274,2006
송파,살인,발생,8,2006
송파,살인,검거,6,2006
송파,강도,발생,47,2006
송파,강도,검거,46,2006
송파,강간,발생,160,2006
송파,강간,검거,158,2006
송파,절도,발생,1477,2006
송파,절도,검거,617,2006
송파,폭력,발생,3532,2006
송파,폭력,검거,3342,2006
노원,살인,발생,6,2006
노원,살인,검거,7,2006
노원,강도,발생,27,2006
노원,강도,검거,32,2006
노원,강간,발생,114,2006
노원,강간,검거,119,2006
노원,절도,발생,1374,2006
노원,절도,검거,1020,2006
노원,폭력,발생,3111,2006
노원,폭력,검거,3024,2006
방배,살인,발생,1,2006
방배,살인,검거,2,2006
방배,강도,발생,16,2006
방배,강도,검거,23,2006
방배,강간,발생,62,2006
방배,강간,검거,34,2006
방배,절도,발생,274,2006
방배,절도,검거,265,2006
방배,폭력,발생,848,2006
방배,폭력,검거,853,2006
은평,살인,발생,3,2006
은평,살인,검거,3,2006
은평,강도,발생,20,2006
은평,강도,검거,19,2006
은평,강간,발생,56,2006
은평,강간,검거,64,2006
은평,절도,발생,830,2006
은평,절도,검거,463,2006
은평,폭력,발생,1753,2006
은평,폭력,검거,1666,2006
도봉,살인,발생,10,2006
도봉,살인,검거,9,2006
도봉,강도,발생,24,2006
도봉,강도,검거,19,2006
도봉,강간,발생,77,2006
도봉,강간,검거,72,2006
도봉,절도,발생,872,2006
도봉,절도,검거,509,2006
도봉,폭력,발생,1751,2006
도봉,폭력,검거,1752,2006
수서,살인,발생,4,2006
수서,살인,검거,5,2006
수서,강도,발생,39,2006
수서,강도,검거,43,2006
수서,강간,발생,89,2006
수서,강간,검거,87,2006
수서,절도,발생,890,2006
수서,절도,검거,716,2006
수서,폭력,발생,1931,2006
수서,폭력,검거,1771,2006
중부,살인,발생,4,2007
중부,살인,검거,4,2007
중부,강도,발생,13,2007
중부,강도,검거,12,2007
중부,강간,발생,83,2007
중부,강간,검거,70,2007
중부,절도,발생,680,2007
중부,절도,검거,604,2007
중부,폭력,발생,1937,2007
중부,폭력,검거,1868,2007
종로,살인,발생,5,2007
종로,살인,검거,4,2007
종로,강도,발생,29,2007
종로,강도,검거,16,2007
종로,강간,발생,65,2007
종로,강간,검거,47,2007
종로,절도,발생,581,2007
종로,절도,검거,341,2007
종로,폭력,발생,1463,2007
종로,폭력,검거,1266,2007
남대문,살인,발생,0,2007
남대문,살인,검거,1,2007
남대문,강도,발생,16,2007
남대문,강도,검거,8,2007
남대문,강간,발생,39,2007
남대문,강간,검거,38,2007
남대문,절도,발생,653,2007
남대문,절도,검거,366,2007
남대문,폭력,발생,1209,2007
남대문,폭력,검거,1185,2007
서대문,살인,발생,4,2007
서대문,살인,검거,5,2007
서대문,강도,발생,21,2007
서대문,강도,검거,17,2007
서대문,강간,발생,121,2007
서대문,강간,검거,122,2007
서대문,절도,발생,1616,2007
서대문,절도,검거,640,2007
서대문,폭력,발생,2475,2007
서대문,폭력,검거,2283,2007
혜화,살인,발생,2,2007
혜화,살인,검거,2,2007
혜화,강도,발생,12,2007
혜화,강도,검거,12,2007
혜화,강간,발생,71,2007
혜화,강간,검거,57,2007
혜화,절도,발생,394,2007
혜화,절도,검거,596,2007
혜화,폭력,발생,1916,2007
혜화,폭력,검거,1966,2007
용산,살인,발생,9,2007
용산,살인,검거,7,2007
용산,강도,발생,24,2007
용산,강도,검거,27,2007
용산,강간,발생,114,2007
용산,강간,검거,89,2007
용산,절도,발생,734,2007
용산,절도,검거,583,2007
용산,폭력,발생,1682,2007
용산,폭력,검거,1635,2007
성북,살인,발생,4,2007
성북,살인,검거,5,2007
성북,강도,발생,23,2007
성북,강도,검거,19,2007
성북,강간,발생,66,2007
성북,강간,검거,44,2007
성북,절도,발생,629,2007
성북,절도,검거,439,2007
성북,폭력,발생,1376,2007
성북,폭력,검거,1332,2007
동대문,살인,발생,13,2007
동대문,살인,검거,12,2007
동대문,강도,발생,40,2007
동대문,강도,검거,39,2007
동대문,강간,발생,121,2007
동대문,강간,검거,121,2007
동대문,절도,발생,836,2007
동대문,절도,검거,710,2007
동대문,폭력,발생,3296,2007
동대문,폭력,검거,3256,2007
마포,살인,발생,5,2007
마포,살인,검거,5,2007
마포,강도,발생,28,2007
마포,강도,검거,26,2007
마포,강간,발생,139,2007
마포,강간,검거,135,2007
마포,절도,발생,912,2007
마포,절도,검거,483,2007
마포,폭력,발생,2947,2007
마포,폭력,검거,2684,2007
영등포,살인,발생,13,2007
영등포,살인,검거,12,2007
영등포,강도,발생,51,2007
영등포,강도,검거,46,2007
영등포,강간,발생,131,2007
영등포,강간,검거,120,2007
영등포,절도,발생,1446,2007
영등포,절도,검거,819,2007
영등포,폭력,발생,4025,2007
영등포,폭력,검거,3892,2007
성동,살인,발생,5,2007
성동,살인,검거,4,2007
성동,강도,발생,24,2007
성동,강도,검거,32,2007
성동,강간,발생,94,2007
성동,강간,검거,81,2007
성동,절도,발생,1006,2007
성동,절도,검거,781,2007
성동,폭력,발생,1944,2007
성동,폭력,검거,1859,2007
동작,살인,발생,3,2007
동작,살인,검거,4,2007
동작,강도,발생,23,2007
동작,강도,검거,18,2007
동작,강간,발생,142,2007
동작,강간,검거,78,2007
동작,절도,발생,928,2007
동작,절도,검거,553,2007
동작,폭력,발생,2107,2007
동작,폭력,검거,2033,2007
광진,살인,발생,8,2007
광진,살인,검거,8,2007
광진,강도,발생,53,2007
광진,강도,검거,45,2007
광진,강간,발생,156,2007
광진,강간,검거,134,2007
광진,절도,발생,1862,2007
광진,절도,검거,918,2007
광진,폭력,발생,2661,2007
광진,폭력,검거,2435,2007
서부,살인,발생,5,2007
서부,살인,검거,6,2007
서부,강도,발생,17,2007
서부,강도,검거,9,2007
서부,강간,발생,45,2007
서부,강간,검거,43,2007
서부,절도,발생,503,2007
서부,절도,검거,325,2007
서부,폭력,발생,1179,2007
서부,폭력,검거,1143,2007
강북,살인,발생,12,2007
강북,살인,검거,12,2007
강북,강도,발생,46,2007
강북,강도,검거,51,2007
강북,강간,발생,130,2007
강북,강간,검거,104,2007
강북,절도,발생,740,2007
강북,절도,검거,578,2007
강북,폭력,발생,2373,2007
강북,폭력,검거,2360,2007
금천,살인,발생,6,2007
금천,살인,검거,6,2007
금천,강도,발생,31,2007
금천,강도,검거,23,2007
금천,강간,발생,84,2007
금천,강간,검거,72,2007
금천,절도,발생,978,2007
금천,절도,검거,636,2007
금천,폭력,발생,2400,2007
금천,폭력,검거,2230,2007
중랑,살인,발생,13,2007
중랑,살인,검거,14,2007
중랑,강도,발생,40,2007
중랑,강도,검거,43,2007
중랑,강간,발생,82,2007
중랑,강간,검거,89,2007
중랑,절도,발생,965,2007
중랑,절도,검거,854,2007
중랑,폭력,발생,3282,2007
중랑,폭력,검거,3257,2007
강남,살인,발생,8,2007
강남,살인,검거,4,2007
강남,강도,발생,66,2007
강남,강도,검거,45,2007
강남,강간,발생,160,2007
강남,강간,검거,131,2007
강남,절도,발생,865,2007
강남,절도,검거,579,2007
강남,폭력,발생,3117,2007
강남,폭력,검거,2975,2007
관악,살인,발생,13,2007
관악,살인,검거,10,2007
관악,강도,발생,87,2007
관악,강도,검거,73,2007
관악,강간,발생,236,2007
관악,강간,검거,136,2007
관악,절도,발생,1774,2007
관악,절도,검거,766,2007
관악,폭력,발생,3693,2007
관악,폭력,검거,3407,2007
강서,살인,발생,4,2007
강서,살인,검거,3,2007
강서,강도,발생,53,2007
강서,강도,검거,64,2007
강서,강간,발생,131,2007
강서,강간,검거,124,2007
강서,절도,발생,1358,2007
강서,절도,검거,751,2007
강서,폭력,발생,3274,2007
강서,폭력,검거,3058,2007
강동,살인,발생,7,2007
강동,살인,검거,9,2007
강동,강도,발생,35,2007
강동,강도,검거,40,2007
강동,강간,발생,102,2007
강동,강간,검거,96,2007
강동,절도,발생,814,2007
강동,절도,검거,931,2007
강동,폭력,발생,2791,2007
강동,폭력,검거,2789,2007
종암,살인,발생,8,2007
종암,살인,검거,9,2007
종암,강도,발생,17,2007
종암,강도,검거,14,2007
종암,강간,발생,48,2007
종암,강간,검거,52,2007
종암,절도,발생,477,2007
종암,절도,검거,396,2007
종암,폭력,발생,1179,2007
종암,폭력,검거,1158,2007
구로,살인,발생,19,2007
구로,살인,검거,19,2007
구로,강도,발생,52,2007
구로,강도,검거,52,2007
구로,강간,발생,188,2007
구로,강간,검거,102,2007
구로,절도,발생,1220,2007
구로,절도,검거,691,2007
구로,폭력,발생,3364,2007
구로,폭력,검거,3326,2007
서초,살인,발생,4,2007
서초,살인,검거,3,2007
서초,강도,발생,50,2007
서초,강도,검거,43,2007
서초,강간,발생,158,2007
서초,강간,검거,104,2007
서초,절도,발생,964,2007
서초,절도,검거,659,2007
서초,폭력,발생,2223,2007
서초,폭력,검거,2012,2007
양천,살인,발생,8,2007
양천,살인,검거,8,2007
양천,강도,발생,25,2007
양천,강도,검거,19,2007
양천,강간,발생,98,2007
양천,강간,검거,97,2007
양천,절도,발생,1001,2007
양천,절도,검거,751,2007
양천,폭력,발생,2413,2007
양천,폭력,검거,2235,2007
송파,살인,발생,8,2007
송파,살인,검거,9,2007
송파,강도,발생,65,2007
송파,강도,검거,52,2007
송파,강간,발생,152,2007
송파,강간,검거,129,2007
송파,절도,발생,1845,2007
송파,절도,검거,974,2007
송파,폭력,발생,3893,2007
송파,폭력,검거,3698,2007
노원,살인,발생,11,2007
노원,살인,검거,10,2007
노원,강도,발생,40,2007
노원,강도,검거,26,2007
노원,강간,발생,128,2007
노원,강간,검거,121,2007
노원,절도,발생,1262,2007
노원,절도,검거,1053,2007
노원,폭력,발생,3390,2007
노원,폭력,검거,3329,2007
방배,살인,발생,3,2007
방배,살인,검거,3,2007
방배,강도,발생,20,2007
방배,강도,검거,15,2007
방배,강간,발생,42,2007
방배,강간,검거,43,2007
방배,절도,발생,239,2007
방배,절도,검거,282,2007
방배,폭력,발생,826,2007
방배,폭력,검거,869,2007
은평,살인,발생,6,2007
은평,살인,검거,6,2007
은평,강도,발생,20,2007
은평,강도,검거,27,2007
은평,강간,발생,72,2007
은평,강간,검거,66,2007
은평,절도,발생,798,2007
은평,절도,검거,460,2007
은평,폭력,발생,1847,2007
은평,폭력,검거,1759,2007
도봉,살인,발생,4,2007
도봉,살인,검거,5,2007
도봉,강도,발생,26,2007
도봉,강도,검거,29,2007
도봉,강간,발생,77,2007
도봉,강간,검거,73,2007
도봉,절도,발생,1059,2007
도봉,절도,검거,574,2007
도봉,폭력,발생,1831,2007
도봉,폭력,검거,1735,2007
수서,살인,발생,4,2007
수서,살인,검거,3,2007
수서,강도,발생,29,2007
수서,강도,검거,37,2007
수서,강간,발생,109,2007
수서,강간,검거,117,2007
수서,절도,발생,815,2007
수서,절도,검거,506,2007
수서,폭력,발생,1881,2007
수서,폭력,검거,1805,2007
중부,살인,발생,4,2008
중부,살인,검거,4,2008
중부,강도,발생,20,2008
중부,강도,검거,26,2008
중부,강간,발생,76,2008
중부,강간,검거,72,2008
중부,절도,발생,699,2008
중부,절도,검거,507,2008
중부,폭력,발생,1898,2008
중부,폭력,검거,1855,2008
종로,살인,발생,5,2008
종로,살인,검거,6,2008
종로,강도,발생,13,2008
종로,강도,검거,16,2008
종로,강간,발생,86,2008
종로,강간,검거,99,2008
종로,절도,발생,558,2008
종로,절도,검거,321,2008
종로,폭력,발생,1330,2008
종로,폭력,검거,1216,2008
남대문,살인,발생,1,2008
남대문,살인,검거,1,2008
남대문,강도,발생,10,2008
남대문,강도,검거,12,2008
남대문,강간,발생,57,2008
남대문,강간,검거,56,2008
남대문,절도,발생,596,2008
남대문,절도,검거,477,2008
남대문,폭력,발생,1208,2008
남대문,폭력,검거,1150,2008
서대문,살인,발생,8,2008
서대문,살인,검거,9,2008
서대문,강도,발생,35,2008
서대문,강도,검거,22,2008
서대문,강간,발생,124,2008
서대문,강간,검거,107,2008
서대문,절도,발생,1345,2008
서대문,절도,검거,655,2008
서대문,폭력,발생,2610,2008
서대문,폭력,검거,2407,2008
혜화,살인,발생,3,2008
혜화,살인,검거,3,2008
혜화,강도,발생,15,2008
혜화,강도,검거,18,2008
혜화,강간,발생,69,2008
혜화,강간,검거,52,2008
혜화,절도,발생,416,2008
혜화,절도,검거,412,2008
혜화,폭력,발생,1678,2008
혜화,폭력,검거,1691,2008
용산,살인,발생,7,2008
용산,살인,검거,6,2008
용산,강도,발생,19,2008
용산,강도,검거,11,2008
용산,강간,발생,74,2008
용산,강간,검거,70,2008
용산,절도,발생,708,2008
용산,절도,검거,519,2008
용산,폭력,발생,1781,2008
용산,폭력,검거,1735,2008
성북,살인,발생,5,2008
성북,살인,검거,4,2008
성북,강도,발생,21,2008
성북,강도,검거,20,2008
성북,강간,발생,85,2008
성북,강간,검거,60,2008
성북,절도,발생,622,2008
성북,절도,검거,421,2008
성북,폭력,발생,1477,2008
성북,폭력,검거,1424,2008
동대문,살인,발생,11,2008
동대문,살인,검거,9,2008
동대문,강도,발생,38,2008
동대문,강도,검거,25,2008
동대문,강간,발생,114,2008
동대문,강간,검거,106,2008
동대문,절도,발생,731,2008
동대문,절도,검거,596,2008
동대문,폭력,발생,3221,2008
동대문,폭력,검거,3194,2008
마포,살인,발생,8,2008
마포,살인,검거,4,2008
마포,강도,발생,24,2008
마포,강도,검거,24,2008
마포,강간,발생,109,2008
마포,강간,검거,106,2008
마포,절도,발생,720,2008
마포,절도,검거,483,2008
마포,폭력,발생,2642,2008
마포,폭력,검거,2622,2008
영등포,살인,발생,19,2008
영등포,살인,검거,18,2008
영등포,강도,발생,43,2008
영등포,강도,검거,32,2008
영등포,강간,발생,144,2008
영등포,강간,검거,130,2008
영등포,절도,발생,1170,2008
영등포,절도,검거,738,2008
영등포,폭력,발생,3914,2008
영등포,폭력,검거,3752,2008
성동,살인,발생,1,2008
성동,살인,검거,3,2008
성동,강도,발생,32,2008
성동,강도,검거,23,2008
성동,강간,발생,95,2008
성동,강간,검거,92,2008
성동,절도,발생,1179,2008
성동,절도,검거,697,2008
성동,폭력,발생,2093,2008
성동,폭력,검거,1982,2008
동작,살인,발생,9,2008
동작,살인,검거,7,2008
동작,강도,발생,28,2008
동작,강도,검거,17,2008
동작,강간,발생,170,2008
동작,강간,검거,100,2008
동작,절도,발생,928,2008
동작,절도,검거,451,2008
동작,폭력,발생,2211,2008
동작,폭력,검거,2106,2008
광진,살인,발생,3,2008
광진,살인,검거,5,2008
광진,강도,발생,48,2008
광진,강도,검거,32,2008
광진,강간,발생,146,2008
광진,강간,검거,133,2008
광진,절도,발생,2125,2008
광진,절도,검거,835,2008
광진,폭력,발생,2986,2008
광진,폭력,검거,2641,2008
서부,살인,발생,3,2008
서부,살인,검거,3,2008
서부,강도,발생,12,2008
서부,강도,검거,14,2008
서부,강간,발생,48,2008
서부,강간,검거,48,2008
서부,절도,발생,483,2008
서부,절도,검거,302,2008
서부,폭력,발생,1366,2008
서부,폭력,검거,1301,2008
강북,살인,발생,7,2008
강북,살인,검거,8,2008
강북,강도,발생,43,2008
강북,강도,검거,46,2008
강북,강간,발생,122,2008
강북,강간,검거,119,2008
강북,절도,발생,650,2008
강북,절도,검거,576,2008
강북,폭력,발생,2515,2008
강북,폭력,검거,2483,2008
금천,살인,발생,3,2008
금천,살인,검거,3,2008
금천,강도,발생,31,2008
금천,강도,검거,18,2008
금천,강간,발생,104,2008
금천,강간,검거,92,2008
금천,절도,발생,1030,2008
금천,절도,검거,638,2008
금천,폭력,발생,2530,2008
금천,폭력,검거,2389,2008
중랑,살인,발생,7,2008
중랑,살인,검거,7,2008
중랑,강도,발생,30,2008
중랑,강도,검거,26,2008
중랑,강간,발생,114,2008
중랑,강간,검거,112,2008
중랑,절도,발생,1022,2008
중랑,절도,검거,973,2008
중랑,폭력,발생,3401,2008
중랑,폭력,검거,3394,2008
강남,살인,발생,10,2008
강남,살인,검거,3,2008
강남,강도,발생,45,2008
강남,강도,검거,26,2008
강남,강간,발생,161,2008
강남,강간,검거,123,2008
강남,절도,발생,854,2008
강남,절도,검거,446,2008
강남,폭력,발생,2936,2008
강남,폭력,검거,2796,2008
관악,살인,발생,10,2008
관악,살인,검거,9,2008
관악,강도,발생,33,2008
관악,강도,검거,29,2008
관악,강간,발생,216,2008
관악,강간,검거,139,2008
관악,절도,발생,1556,2008
관악,절도,검거,651,2008
관악,폭력,발생,3519,2008
관악,폭력,검거,3267,2008
강서,살인,발생,18,2008
강서,살인,검거,17,2008
강서,강도,발생,36,2008
강서,강도,검거,32,2008
강서,강간,발생,129,2008
강서,강간,검거,119,2008
강서,절도,발생,1322,2008
강서,절도,검거,557,2008
강서,폭력,발생,3487,2008
강서,폭력,검거,3336,2008
강동,살인,발생,8,2008
강동,살인,검거,8,2008
강동,강도,발생,52,2008
강동,강도,검거,54,2008
강동,강간,발생,111,2008
강동,강간,검거,100,2008
강동,절도,발생,885,2008
강동,절도,검거,949,2008
강동,폭력,발생,3051,2008
강동,폭력,검거,3005,2008
종암,살인,발생,5,2008
종암,살인,검거,6,2008
종암,강도,발생,25,2008
종암,강도,검거,27,2008
종암,강간,발생,49,2008
종암,강간,검거,44,2008
종암,절도,발생,478,2008
종암,절도,검거,347,2008
종암,폭력,발생,1139,2008
종암,폭력,검거,1100,2008
구로,살인,발생,22,2008
구로,살인,검거,23,2008
구로,강도,발생,58,2008
구로,강도,검거,59,2008
구로,강간,발생,209,2008
구로,강간,검거,111,2008
구로,절도,발생,1194,2008
구로,절도,검거,701,2008
구로,폭력,발생,3329,2008
구로,폭력,검거,3187,2008
서초,살인,발생,1,2008
서초,살인,검거,4,2008
서초,강도,발생,28,2008
서초,강도,검거,10,2008
서초,강간,발생,155,2008
서초,강간,검거,104,2008
서초,절도,발생,695,2008
서초,절도,검거,522,2008
서초,폭력,발생,2098,2008
서초,폭력,검거,1987,2008
양천,살인,발생,11,2008
양천,살인,검거,12,2008
양천,강도,발생,38,2008
양천,강도,검거,40,2008
양천,강간,발생,94,2008
양천,강간,검거,85,2008
양천,절도,발생,1083,2008
양천,절도,검거,559,2008
양천,폭력,발생,2406,2008
양천,폭력,검거,2270,2008
송파,살인,발생,10,2008
송파,살인,검거,10,2008
송파,강도,발생,54,2008
송파,강도,검거,44,2008
송파,강간,발생,174,2008
송파,강간,검거,163,2008
송파,절도,발생,1437,2008
송파,절도,검거,752,2008
송파,폭력,발생,3862,2008
송파,폭력,검거,3709,2008
노원,살인,발생,3,2008
노원,살인,검거,4,2008
노원,강도,발생,25,2008
노원,강도,검거,22,2008
노원,강간,발생,108,2008
노원,강간,검거,99,2008
노원,절도,발생,922,2008
노원,절도,검거,684,2008
노원,폭력,발생,3085,2008
노원,폭력,검거,3015,2008
방배,살인,발생,0,2008
방배,살인,검거,0,2008
방배,강도,발생,12,2008
방배,강도,검거,10,2008
방배,강간,발생,36,2008
방배,강간,검거,34,2008
방배,절도,발생,295,2008
방배,절도,검거,200,2008
방배,폭력,발생,747,2008
방배,폭력,검거,745,2008
은평,살인,발생,7,2008
은평,살인,검거,6,2008
은평,강도,발생,19,2008
은평,강도,검거,20,2008
은평,강간,발생,40,2008
은평,강간,검거,38,2008
은평,절도,발생,676,2008
은평,절도,검거,355,2008
은평,폭력,발생,1700,2008
은평,폭력,검거,1585,2008
도봉,살인,발생,9,2008
도봉,살인,검거,10,2008
도봉,강도,발생,22,2008
도봉,강도,검거,18,2008
도봉,강간,발생,88,2008
도봉,강간,검거,63,2008
도봉,절도,발생,1148,2008
도봉,절도,검거,383,2008
도봉,폭력,발생,1929,2008
도봉,폭력,검거,1816,2008
수서,살인,발생,3,2008
수서,살인,검거,5,2008
수서,강도,발생,39,2008
수서,강도,검거,40,2008
수서,강간,발생,111,2008
수서,강간,검거,99,2008
수서,절도,발생,1365,2008
수서,절도,검거,539,2008
수서,폭력,발생,2138,2008
수서,폭력,검거,1853,2008
중부,살인,발생,1,2009
중부,살인,검거,1,2009
중부,강도,발생,28,2009
중부,강도,검거,24,2009
중부,강간,발생,94,2009
중부,강간,검거,78,2009
중부,절도,발생,879,2009
중부,절도,검거,850,2009
중부,폭력,발생,1858,2009
중부,폭력,검거,1794,2009
종로,살인,발생,6,2009
종로,살인,검거,6,2009
종로,강도,발생,25,2009
종로,강도,검거,26,2009
종로,강간,발생,77,2009
종로,강간,검거,78,2009
종로,절도,발생,732,2009
종로,절도,검거,547,2009
종로,폭력,발생,1364,2009
종로,폭력,검거,1282,2009
남대문,살인,발생,2,2009
남대문,살인,검거,4,2009
남대문,강도,발생,15,2009
남대문,강도,검거,21,2009
남대문,강간,발생,52,2009
남대문,강간,검거,51,2009
남대문,절도,발생,683,2009
남대문,절도,검거,715,2009
남대문,폭력,발생,1146,2009
남대문,폭력,검거,989,2009
서대문,살인,발생,9,2009
서대문,살인,검거,11,2009
서대문,강도,발생,67,2009
서대문,강도,검거,82,2009
서대문,강간,발생,153,2009
서대문,강간,검거,148,2009
서대문,절도,발생,2098,2009
서대문,절도,검거,1434,2009
서대문,폭력,발생,2672,2009
서대문,폭력,검거,2520,2009
혜화,살인,발생,1,2009
혜화,살인,검거,1,2009
혜화,강도,발생,38,2009
혜화,강도,검거,29,2009
혜화,강간,발생,58,2009
혜화,강간,검거,51,2009
혜화,절도,발생,780,2009
혜화,절도,검거,578,2009
혜화,폭력,발생,1637,2009
혜화,폭력,검거,1571,2009
용산,살인,발생,11,2009
용산,살인,검거,11,2009
용산,강도,발생,44,2009
용산,강도,검거,49,2009
용산,강간,발생,95,2009
용산,강간,검거,82,2009
용산,절도,발생,1021,2009
용산,절도,검거,876,2009
용산,폭력,발생,1916,2009
용산,폭력,검거,1837,2009
성북,살인,발생,3,2009
성북,살인,검거,4,2009
성북,강도,발생,24,2009
성북,강도,검거,20,2009
성북,강간,발생,93,2009
성북,강간,검거,78,2009
성북,절도,발생,768,2009
성북,절도,검거,554,2009
성북,폭력,발생,1429,2009
성북,폭력,검거,1386,2009
동대문,살인,발생,10,2009
동대문,살인,검거,10,2009
동대문,강도,발생,81,2009
동대문,강도,검거,77,2009
동대문,강간,발생,120,2009
동대문,강간,검거,108,2009
동대문,절도,발생,1350,2009
동대문,절도,검거,1203,2009
동대문,폭력,발생,2909,2009
동대문,폭력,검거,2876,2009
마포,살인,발생,5,2009
마포,살인,검거,4,2009
마포,강도,발생,29,2009
마포,강도,검거,24,2009
마포,강간,발생,132,2009
마포,강간,검거,125,2009
마포,절도,발생,1065,2009
마포,절도,검거,673,2009
마포,폭력,발생,2817,2009
마포,폭력,검거,2814,2009
영등포,살인,발생,24,2009
영등포,살인,검거,22,2009
영등포,강도,발생,69,2009
영등포,강도,검거,61,2009
영등포,강간,발생,150,2009
영등포,강간,검거,134,2009
영등포,절도,발생,1584,2009
영등포,절도,검거,984,2009
영등포,폭력,발생,3592,2009
영등포,폭력,검거,3459,2009
성동,살인,발생,12,2009
성동,살인,검거,12,2009
성동,강도,발생,48,2009
성동,강도,검거,45,2009
성동,강간,발생,86,2009
성동,강간,검거,89,2009
성동,절도,발생,1321,2009
성동,절도,검거,987,2009
성동,폭력,발생,2046,2009
성동,폭력,검거,1948,2009
동작,살인,발생,9,2009
동작,살인,검거,8,2009
동작,강도,발생,50,2009
동작,강도,검거,40,2009
동작,강간,발생,194,2009
동작,강간,검거,80,2009
동작,절도,발생,1247,2009
동작,절도,검거,637,2009
동작,폭력,발생,2090,2009
동작,폭력,검거,2011,2009
광진,살인,발생,11,2009
광진,살인,검거,11,2009
광진,강도,발생,54,2009
광진,강도,검거,64,2009
광진,강간,발생,186,2009
광진,강간,검거,160,2009
광진,절도,발생,1814,2009
광진,절도,검거,1096,2009
광진,폭력,발생,2903,2009
광진,폭력,검거,2659,2009
서부,살인,발생,4,2009
서부,살인,검거,4,2009
서부,강도,발생,31,2009
서부,강도,검거,37,2009
서부,강간,발생,54,2009
서부,강간,검거,54,2009
서부,절도,발생,660,2009
서부,절도,검거,654,2009
서부,폭력,발생,1335,2009
서부,폭력,검거,1294,2009
강북,살인,발생,7,2009
강북,살인,검거,7,2009
강북,강도,발생,69,2009
강북,강도,검거,76,2009
강북,강간,발생,146,2009
강북,강간,검거,144,2009
강북,절도,발생,808,2009
강북,절도,검거,683,2009
강북,폭력,발생,2492,2009
강북,폭력,검거,2442,2009
금천,살인,발생,7,2009
금천,살인,검거,7,2009
금천,강도,발생,53,2009
금천,강도,검거,41,2009
금천,강간,발생,85,2009
금천,강간,검거,75,2009
금천,절도,발생,1319,2009
금천,절도,검거,1077,2009
금천,폭력,발생,2269,2009
금천,폭력,검거,2151,2009
중랑,살인,발생,15,2009
중랑,살인,검거,14,2009
중랑,강도,발생,74,2009
중랑,강도,검거,62,2009
중랑,강간,발생,130,2009
중랑,강간,검거,129,2009
중랑,절도,발생,1146,2009
중랑,절도,검거,879,2009
중랑,폭력,발생,3418,2009
중랑,폭력,검거,3391,2009
강남,살인,발생,10,2009
강남,살인,검거,8,2009
강남,강도,발생,92,2009
강남,강도,검거,59,2009
강남,강간,발생,193,2009
강남,강간,검거,138,2009
강남,절도,발생,1798,2009
강남,절도,검거,766,2009
강남,폭력,발생,3116,2009
강남,폭력,검거,2872,2009
관악,살인,발생,11,2009
관악,살인,검거,12,2009
관악,강도,발생,75,2009
관악,강도,검거,67,2009
관악,강간,발생,284,2009
관악,강간,검거,200,2009
관악,절도,발생,1718,2009
관악,절도,검거,897,2009
관악,폭력,발생,3526,2009
관악,폭력,검거,3290,2009
강서,살인,발생,10,2009
강서,살인,검거,9,2009
강서,강도,발생,76,2009
강서,강도,검거,56,2009
강서,강간,발생,148,2009
강서,강간,검거,143,2009
강서,절도,발생,1591,2009
강서,절도,검거,1018,2009
강서,폭력,발생,3497,2009
강서,폭력,검거,3374,2009
강동,살인,발생,6,2009
강동,살인,검거,6,2009
강동,강도,발생,39,2009
강동,강도,검거,57,2009
강동,강간,발생,129,2009
강동,강간,검거,130,2009
강동,절도,발생,1110,2009
강동,절도,검거,1621,2009
강동,폭력,발생,3103,2009
강동,폭력,검거,3024,2009
종암,살인,발생,2,2009
종암,살인,검거,3,2009
종암,강도,발생,42,2009
종암,강도,검거,27,2009
종암,강간,발생,47,2009
종암,강간,검거,48,2009
종암,절도,발생,616,2009
종암,절도,검거,460,2009
종암,폭력,발생,1205,2009
종암,폭력,검거,1175,2009
구로,살인,발생,16,2009
구로,살인,검거,14,2009
구로,강도,발생,55,2009
구로,강도,검거,70,2009
구로,강간,발생,212,2009
구로,강간,검거,144,2009
구로,절도,발생,1533,2009
구로,절도,검거,915,2009
구로,폭력,발생,3192,2009
구로,폭력,검거,3044,2009
서초,살인,발생,10,2009
서초,살인,검거,7,2009
서초,강도,발생,69,2009
서초,강도,검거,44,2009
서초,강간,발생,151,2009
서초,강간,검거,103,2009
서초,절도,발생,1274,2009
서초,절도,검거,838,2009
서초,폭력,발생,2037,2009
서초,폭력,검거,1926,2009
양천,살인,발생,8,2009
양천,살인,검거,7,2009
양천,강도,발생,36,2009
양천,강도,검거,42,2009
양천,강간,발생,103,2009
양천,강간,검거,87,2009
양천,절도,발생,1359,2009
양천,절도,검거,928,2009
양천,폭력,발생,2214,2009
양천,폭력,검거,2090,2009
송파,살인,발생,8,2009
송파,살인,검거,8,2009
송파,강도,발생,83,2009
송파,강도,검거,68,2009
송파,강간,발생,185,2009
송파,강간,검거,149,2009
송파,절도,발생,1943,2009
송파,절도,검거,1161,2009
송파,폭력,발생,3799,2009
송파,폭력,검거,3588,2009
노원,살인,발생,12,2009
노원,살인,검거,12,2009
노원,강도,발생,42,2009
노원,강도,검거,39,2009
노원,강간,발생,126,2009
노원,강간,검거,116,2009
노원,절도,발생,1263,2009
노원,절도,검거,1141,2009
노원,폭력,발생,2898,2009
노원,폭력,검거,2832,2009
방배,살인,발생,1,2009
방배,살인,검거,3,2009
방배,강도,발생,9,2009
방배,강도,검거,17,2009
방배,강간,발생,36,2009
방배,강간,검거,35,2009
방배,절도,발생,389,2009
방배,절도,검거,343,2009
방배,폭력,발생,657,2009
방배,폭력,검거,638,2009
은평,살인,발생,5,2009
은평,살인,검거,5,2009
은평,강도,발생,27,2009
은평,강도,검거,26,2009
은평,강간,발생,51,2009
은평,강간,검거,56,2009
은평,절도,발생,777,2009
은평,절도,검거,498,2009
은평,폭력,발생,1731,2009
은평,폭력,검거,1637,2009
도봉,살인,발생,7,2009
도봉,살인,검거,7,2009
도봉,강도,발생,27,2009
도봉,강도,검거,34,2009
도봉,강간,발생,100,2009
도봉,강간,검거,107,2009
도봉,절도,발생,950,2009
도봉,절도,검거,562,2009
도봉,폭력,발생,1998,2009
도봉,폭력,검거,1910,2009
수서,살인,발생,7,2009
수서,살인,검거,6,2009
수서,강도,발생,38,2009
수서,강도,검거,41,2009
수서,강간,발생,86,2009
수서,강간,검거,80,2009
수서,절도,발생,1570,2009
수서,절도,검거,745,2009
수서,폭력,발생,2201,2009
수서,폭력,검거,1908,2009
중부,살인,발생,5,2010
중부,살인,검거,5,2010
중부,강도,발생,16,2010
중부,강도,검거,11,2010
중부,강간,발생,117,2010
중부,강간,검거,70,2010
중부,절도,발생,1108,2010
중부,절도,검거,805,2010
중부,폭력,발생,1743,2010
중부,폭력,검거,1566,2010
종로,살인,발생,5,2010
종로,살인,검거,3,2010
종로,강도,발생,15,2010
종로,강도,검거,13,2010
종로,강간,발생,98,2010
종로,강간,검거,79,2010
종로,절도,발생,911,2010
종로,절도,검거,516,2010
종로,폭력,발생,1289,2010
종로,폭력,검거,1120,2010
남대문,살인,발생,3,2010
남대문,살인,검거,3,2010
남대문,강도,발생,10,2010
남대문,강도,검거,8,2010
남대문,강간,발생,56,2010
남대문,강간,검거,42,2010
남대문,절도,발생,751,2010
남대문,절도,검거,407,2010
남대문,폭력,발생,982,2010
남대문,폭력,검거,907,2010
서대문,살인,발생,18,2010
서대문,살인,검거,20,2010
서대문,강도,발생,24,2010
서대문,강도,검거,27,2010
서대문,강간,발생,140,2010
서대문,강간,검거,122,2010
서대문,절도,발생,1739,2010
서대문,절도,검거,992,2010
서대문,폭력,발생,2030,2010
서대문,폭력,검거,1780,2010
혜화,살인,발생,2,2010
혜화,살인,검거,2,2010
혜화,강도,발생,18,2010
혜화,강도,검거,18,2010
혜화,강간,발생,103,2010
혜화,강간,검거,84,2010
혜화,절도,발생,804,2010
혜화,절도,검거,617,2010
혜화,폭력,발생,1488,2010
혜화,폭력,검거,1339,2010
용산,살인,발생,9,2010
용산,살인,검거,8,2010
용산,강도,발생,40,2010
용산,강도,검거,35,2010
용산,강간,발생,131,2010
용산,강간,검거,120,2010
용산,절도,발생,1207,2010
용산,절도,검거,726,2010
용산,폭력,발생,1936,2010
용산,폭력,검거,1685,2010
성북,살인,발생,9,2010
성북,살인,검거,9,2010
성북,강도,발생,18,2010
성북,강도,검거,17,2010
성북,강간,발생,89,2010
성북,강간,검거,57,2010
성북,절도,발생,1159,2010
성북,절도,검거,580,2010
성북,폭력,발생,1265,2010
성북,폭력,검거,1026,2010
동대문,살인,발생,13,2010
동대문,살인,검거,13,2010
동대문,강도,발생,57,2010
동대문,강도,검거,69,2010
동대문,강간,발생,157,2010
동대문,강간,검거,153,2010
동대문,절도,발생,1791,2010
동대문,절도,검거,1161,2010
동대문,폭력,발생,2738,2010
동대문,폭력,검거,2469,2010
마포,살인,발생,1,2010
마포,살인,검거,1,2010
마포,강도,발생,27,2010
마포,강도,검거,17,2010
마포,강간,발생,175,2010
마포,강간,검거,159,2010
마포,절도,발생,1685,2010
마포,절도,검거,824,2010
마포,폭력,발생,2661,2010
마포,폭력,검거,2418,2010
영등포,살인,발생,34,2010
영등포,살인,검거,32,2010
영등포,강도,발생,74,2010
영등포,강도,검거,57,2010
영등포,강간,발생,244,2010
영등포,강간,검거,197,2010
영등포,절도,발생,2648,2010
영등포,절도,검거,1246,2010
영등포,폭력,발생,3922,2010
영등포,폭력,검거,3416,2010
성동,살인,발생,11,2010
성동,살인,검거,10,2010
성동,강도,발생,29,2010
성동,강도,검거,29,2010
성동,강간,발생,99,2010
성동,강간,검거,76,2010
성동,절도,발생,1360,2010
성동,절도,검거,895,2010
성동,폭력,발생,1790,2010
성동,폭력,검거,1550,2010
동작,살인,발생,8,2010
동작,살인,검거,9,2010
동작,강도,발생,36,2010
동작,강도,검거,27,2010
동작,강간,발생,272,2010
동작,강간,검거,101,2010
동작,절도,발생,1680,2010
동작,절도,검거,693,2010
동작,폭력,발생,2073,2010
동작,폭력,검거,1807,2010
광진,살인,발생,11,2010
광진,살인,검거,10,2010
광진,강도,발생,52,2010
광진,강도,검거,44,2010
광진,강간,발생,230,2010
광진,강간,검거,198,2010
광진,절도,발생,2504,2010
광진,절도,검거,1836,2010
광진,폭력,발생,2735,2010
광진,폭력,검거,2382,2010
서부,살인,발생,7,2010
서부,살인,검거,8,2010
서부,강도,발생,12,2010
서부,강도,검거,8,2010
서부,강간,발생,83,2010
서부,강간,검거,79,2010
서부,절도,발생,775,2010
서부,절도,검거,534,2010
서부,폭력,발생,1194,2010
서부,폭력,검거,1065,2010
강북,살인,발생,7,2010
강북,살인,검거,6,2010
강북,강도,발생,37,2010
강북,강도,검거,30,2010
강북,강간,발생,156,2010
강북,강간,검거,144,2010
강북,절도,발생,1381,2010
강북,절도,검거,602,2010
강북,폭력,발생,2583,2010
강북,폭력,검거,2311,2010
금천,살인,발생,8,2010
금천,살인,검거,6,2010
금천,강도,발생,35,2010
금천,강도,검거,53,2010
금천,강간,발생,120,2010
금천,강간,검거,107,2010
금천,절도,발생,1522,2010
금천,절도,검거,925,2010
금천,폭력,발생,1976,2010
금천,폭력,검거,1727,2010
중랑,살인,발생,13,2010
중랑,살인,검거,14,2010
중랑,강도,발생,33,2010
중랑,강도,검거,25,2010
중랑,강간,발생,190,2010
중랑,강간,검거,164,2010
중랑,절도,발생,1745,2010
중랑,절도,검거,924,2010
중랑,폭력,발생,3607,2010
중랑,폭력,검거,3267,2010
강남,살인,발생,12,2010
강남,살인,검거,11,2010
강남,강도,발생,63,2010
강남,강도,검거,44,2010
강남,강간,발생,260,2010
강남,강간,검거,147,2010
강남,절도,발생,2419,2010
강남,절도,검거,770,2010
강남,폭력,발생,3073,2010
강남,폭력,검거,2677,2010
관악,살인,발생,13,2010
관악,살인,검거,13,2010
관악,강도,발생,57,2010
관악,강도,검거,53,2010
관악,강간,발생,403,2010
관악,강간,검거,234,2010
관악,절도,발생,2273,2010
관악,절도,검거,935,2010
관악,폭력,발생,3404,2010
관악,폭력,검거,2971,2010
강서,살인,발생,7,2010
강서,살인,검거,8,2010
강서,강도,발생,58,2010
강서,강도,검거,66,2010
강서,강간,발생,225,2010
강서,강간,검거,192,2010
강서,절도,발생,2710,2010
강서,절도,검거,1394,2010
강서,폭력,발생,3219,2010
강서,폭력,검거,2790,2010
강동,살인,발생,18,2010
강동,살인,검거,16,2010
강동,강도,발생,38,2010
강동,강도,검거,37,2010
강동,강간,발생,169,2010
강동,강간,검거,144,2010
강동,절도,발생,1970,2010
강동,절도,검거,1338,2010
강동,폭력,발생,2835,2010
강동,폭력,검거,2517,2010
종암,살인,발생,6,2010
종암,살인,검거,6,2010
종암,강도,발생,15,2010
종암,강도,검거,11,2010
종암,강간,발생,59,2010
종암,강간,검거,65,2010
종암,절도,발생,854,2010
종암,절도,검거,547,2010
종암,폭력,발생,1081,2010
종암,폭력,검거,974,2010
구로,살인,발생,17,2010
구로,살인,검거,17,2010
구로,강도,발생,40,2010
구로,강도,검거,38,2010
구로,강간,발생,229,2010
구로,강간,검거,148,2010
구로,절도,발생,2259,2010
구로,절도,검거,1206,2010
구로,폭력,발생,2901,2010
구로,폭력,검거,2546,2010
서초,살인,발생,9,2010
서초,살인,검거,7,2010
서초,강도,발생,34,2010
서초,강도,검거,21,2010
서초,강간,발생,268,2010
서초,강간,검거,122,2010
서초,절도,발생,1561,2010
서초,절도,검거,698,2010
서초,폭력,발생,2059,2010
서초,폭력,검거,1811,2010
양천,살인,발생,9,2010
양천,살인,검거,10,2010
양천,강도,발생,34,2010
양천,강도,검거,23,2010
양천,강간,발생,109,2010
양천,강간,검거,107,2010
양천,절도,발생,1583,2010
양천,절도,검거,683,2010
양천,폭력,발생,2164,2010
양천,폭력,검거,1868,2010
송파,살인,발생,9,2010
송파,살인,검거,7,2010
송파,강도,발생,48,2010
송파,강도,검거,32,2010
송파,강간,발생,260,2010
송파,강간,검거,201,2010
송파,절도,발생,3447,2010
송파,절도,검거,1095,2010
송파,폭력,발생,3659,2010
송파,폭력,검거,3018,2010
노원,살인,발생,16,2010
노원,살인,검거,16,2010
노원,강도,발생,37,2010
노원,강도,검거,32,2010
노원,강간,발생,149,2010
노원,강간,검거,132,2010
노원,절도,발생,1531,2010
노원,절도,검거,1082,2010
노원,폭력,발생,2635,2010
노원,폭력,검거,2384,2010
방배,살인,발생,2,2010
방배,살인,검거,1,2010
방배,강도,발생,10,2010
방배,강도,검거,12,2010
방배,강간,발생,80,2010
방배,강간,검거,49,2010
방배,절도,발생,483,2010
방배,절도,검거,363,2010
방배,폭력,발생,658,2010
방배,폭력,검거,582,2010
은평,살인,발생,4,2010
은평,살인,검거,4,2010
은평,강도,발생,24,2010
은평,강도,검거,20,2010
은평,강간,발생,64,2010
은평,강간,검거,56,2010
은평,절도,발생,882,2010
은평,절도,검거,465,2010
은평,폭력,발생,1514,2010
은평,폭력,검거,1396,2010
도봉,살인,발생,5,2010
도봉,살인,검거,6,2010
도봉,강도,발생,17,2010
도봉,강도,검거,18,2010
도봉,강간,발생,87,2010
도봉,강간,검거,80,2010
도봉,절도,발생,1060,2010
도봉,절도,검거,571,2010
도봉,폭력,발생,1638,2010
도봉,폭력,검거,1478,2010
수서,살인,발생,2,2010
수서,살인,검거,2,2010
수서,강도,발생,21,2010
수서,강도,검거,21,2010
수서,강간,발생,117,2010
수서,강간,검거,84,2010
수서,절도,발생,1584,2010
수서,절도,검거,604,2010
수서,폭력,발생,1944,2010
수서,폭력,검거,1646,2010
중부,살인,발생,2,2011
중부,살인,검거,3,2011
중부,강도,발생,14,2011
중부,강도,검거,19,2011
중부,강간,발생,89,2011
중부,강간,검거,60,2011
중부,절도,발생,1266,2011
중부,절도,검거,457,2011
중부,폭력,발생,1622,2011
중부,폭력,검거,1369,2011
종로,살인,발생,6,2011
종로,살인,검거,5,2011
종로,강도,발생,16,2011
종로,강도,검거,12,2011
종로,강간,발생,80,2011
종로,강간,검거,82,2011
종로,절도,발생,1001,2011
종로,절도,검거,534,2011
종로,폭력,발생,1296,2011
종로,폭력,검거,1090,2011
남대문,살인,발생,1,2011
남대문,살인,검거,2,2011
남대문,강도,발생,7,2011
남대문,강도,검거,9,2011
남대문,강간,발생,62,2011
남대문,강간,검거,50,2011
남대문,절도,발생,984,2011
남대문,절도,검거,461,2011
남대문,폭력,발생,1043,2011
남대문,폭력,검거,895,2011
서대문,살인,발생,6,2011
서대문,살인,검거,6,2011
서대문,강도,발생,26,2011
서대문,강도,검거,23,2011
서대문,강간,발생,174,2011
서대문,강간,검거,145,2011
서대문,절도,발생,1879,2011
서대문,절도,검거,702,2011
서대문,폭력,발생,1962,2011
서대문,폭력,검거,1604,2011
혜화,살인,발생,2,2011
혜화,살인,검거,2,2011
혜화,강도,발생,20,2011
혜화,강도,검거,16,2011
혜화,강간,발생,98,2011
혜화,강간,검거,75,2011
혜화,절도,발생,941,2011
혜화,절도,검거,425,2011
혜화,폭력,발생,1464,2011
혜화,폭력,검거,1287,2011
용산,살인,발생,13,2011
용산,살인,검거,13,2011
용산,강도,발생,47,2011
용산,강도,검거,36,2011
용산,강간,발생,172,2011
용산,강간,검거,153,2011
용산,절도,발생,1592,2011
용산,절도,검거,555,2011
용산,폭력,발생,2454,2011
용산,폭력,검거,1967,2011
성북,살인,발생,5,2011
성북,살인,검거,3,2011
성북,강도,발생,10,2011
성북,강도,검거,8,2011
성북,강간,발생,99,2011
성북,강간,검거,59,2011
성북,절도,발생,904,2011
성북,절도,검거,425,2011
성북,폭력,발생,1274,2011
성북,폭력,검거,1066,2011
동대문,살인,발생,14,2011
동대문,살인,검거,11,2011
동대문,강도,발생,72,2011
동대문,강도,검거,69,2011
동대문,강간,발생,222,2011
동대문,강간,검거,196,2011
동대문,절도,발생,2046,2011
동대문,절도,검거,931,2011
동대문,폭력,발생,2727,2011
동대문,폭력,검거,2313,2011
마포,살인,발생,3,2011
마포,살인,검거,3,2011
마포,강도,발생,22,2011
마포,강도,검거,22,2011
마포,강간,발생,172,2011
마포,강간,검거,143,2011
마포,절도,발생,2105,2011
마포,절도,검거,647,2011
마포,폭력,발생,2740,2011
마포,폭력,검거,2275,2011
영등포,살인,발생,18,2011
영등포,살인,검거,19,2011
영등포,강도,발생,53,2011
영등포,강도,검거,40,2011
영등포,강간,발생,221,2011
영등포,강간,검거,163,2011
영등포,절도,발생,2688,2011
영등포,절도,검거,879,2011
영등포,폭력,발생,4143,2011
영등포,폭력,검거,3338,2011
성동,살인,발생,7,2011
성동,살인,검거,6,2011
성동,강도,발생,24,2011
성동,강도,검거,17,2011
성동,강간,발생,98,2011
성동,강간,검거,74,2011
성동,절도,발생,1376,2011
성동,절도,검거,467,2011
성동,폭력,발생,1729,2011
성동,폭력,검거,1456,2011
동작,살인,발생,5,2011
동작,살인,검거,6,2011
동작,강도,발생,22,2011
동작,강도,검거,12,2011
동작,강간,발생,249,2011
동작,강간,검거,84,2011
동작,절도,발생,1722,2011
동작,절도,검거,527,2011
동작,폭력,발생,1932,2011
동작,폭력,검거,1594,2011
광진,살인,발생,11,2011
광진,살인,검거,11,2011
광진,강도,발생,48,2011
광진,강도,검거,38,2011
광진,강간,발생,260,2011
광진,강간,검거,226,2011
광진,절도,발생,2418,2011
광진,절도,검거,1065,2011
광진,폭력,발생,2867,2011
광진,폭력,검거,2301,2011
서부,살인,발생,4,2011
서부,살인,검거,4,2011
서부,강도,발생,7,2011
서부,강도,검거,17,2011
서부,강간,발생,71,2011
서부,강간,검거,75,2011
서부,절도,발생,909,2011
서부,절도,검거,376,2011
서부,폭력,발생,1353,2011
서부,폭력,검거,1086,2011
강북,살인,발생,7,2011
강북,살인,검거,6,2011
강북,강도,발생,30,2011
강북,강도,검거,18,2011
강북,강간,발생,168,2011
강북,강간,검거,128,2011
강북,절도,발생,1522,2011
강북,절도,검거,543,2011
강북,폭력,발생,2689,2011
강북,폭력,검거,2293,2011
금천,살인,발생,14,2011
금천,살인,검거,14,2011
금천,강도,발생,30,2011
금천,강도,검거,24,2011
금천,강간,발생,107,2011
금천,강간,검거,89,2011
금천,절도,발생,1527,2011
금천,절도,검거,753,2011
금천,폭력,발생,2399,2011
금천,폭력,검거,1960,2011
중랑,살인,발생,10,2011
중랑,살인,검거,10,2011
중랑,강도,발생,46,2011
중랑,강도,검거,55,2011
중랑,강간,발생,204,2011
중랑,강간,검거,186,2011
중랑,절도,발생,1898,2011
중랑,절도,검거,778,2011
중랑,폭력,발생,3771,2011
중랑,폭력,검거,3246,2011
강남,살인,발생,15,2011
강남,살인,검거,14,2011
강남,강도,발생,47,2011
강남,강도,검거,25,2011
강남,강간,발생,282,2011
강남,강간,검거,174,2011
강남,절도,발생,2442,2011
강남,절도,검거,711,2011
강남,폭력,발생,3195,2011
강남,폭력,검거,2747,2011
관악,살인,발생,19,2011
관악,살인,검거,17,2011
관악,강도,발생,54,2011
관악,강도,검거,36,2011
관악,강간,발생,361,2011
관악,강간,검거,222,2011
관악,절도,발생,2694,2011
관악,절도,검거,775,2011
관악,폭력,발생,3826,2011
관악,폭력,검거,3119,2011
강서,살인,발생,18,2011
강서,살인,검거,20,2011
강서,강도,발생,45,2011
강서,강도,검거,43,2011
강서,강간,발생,215,2011
강서,강간,검거,182,2011
강서,절도,발생,2776,2011
강서,절도,검거,861,2011
강서,폭력,발생,3346,2011
강서,폭력,검거,2748,2011
강동,살인,발생,7,2011
강동,살인,검거,6,2011
강동,강도,발생,36,2011
강동,강도,검거,31,2011
강동,강간,발생,191,2011
강동,강간,검거,142,2011
강동,절도,발생,2426,2011
강동,절도,검거,1011,2011
강동,폭력,발생,3065,2011
강동,폭력,검거,2532,2011
종암,살인,발생,4,2011
종암,살인,검거,4,2011
종암,강도,발생,17,2011
종암,강도,검거,15,2011
종암,강간,발생,75,2011
종암,강간,검거,65,2011
종암,절도,발생,971,2011
종암,절도,검거,382,2011
종암,폭력,발생,1055,2011
종암,폭력,검거,886,2011
구로,살인,발생,12,2011
구로,살인,검거,10,2011
구로,강도,발생,39,2011
구로,강도,검거,24,2011
구로,강간,발생,326,2011
구로,강간,검거,150,2011
구로,절도,발생,2014,2011
구로,절도,검거,984,2011
구로,폭력,발생,3327,2011
구로,폭력,검거,2804,2011
서초,살인,발생,7,2011
서초,살인,검거,4,2011
서초,강도,발생,28,2011
서초,강도,검거,15,2011
서초,강간,발생,283,2011
서초,강간,검거,147,2011
서초,절도,발생,1733,2011
서초,절도,검거,741,2011
서초,폭력,발생,1866,2011
서초,폭력,검거,1576,2011
양천,살인,발생,4,2011
양천,살인,검거,4,2011
양천,강도,발생,29,2011
양천,강도,검거,25,2011
양천,강간,발생,131,2011
양천,강간,검거,89,2011
양천,절도,발생,2016,2011
양천,절도,검거,698,2011
양천,폭력,발생,2627,2011
양천,폭력,검거,2062,2011
송파,살인,발생,6,2011
송파,살인,검거,5,2011
송파,강도,발생,54,2011
송파,강도,검거,38,2011
송파,강간,발생,292,2011
송파,강간,검거,209,2011
송파,절도,발생,4004,2011
송파,절도,검거,845,2011
송파,폭력,발생,3735,2011
송파,폭력,검거,2915,2011
노원,살인,발생,8,2011
노원,살인,검거,8,2011
노원,강도,발생,25,2011
노원,강도,검거,18,2011
노원,강간,발생,169,2011
노원,강간,검거,138,2011
노원,절도,발생,1723,2011
노원,절도,검거,890,2011
노원,폭력,발생,2594,2011
노원,폭력,검거,2234,2011
방배,살인,발생,2,2011
방배,살인,검거,2,2011
방배,강도,발생,11,2011
방배,강도,검거,7,2011
방배,강간,발생,40,2011
방배,강간,검거,35,2011
방배,절도,발생,565,2011
방배,절도,검거,234,2011
방배,폭력,발생,643,2011
방배,폭력,검거,562,2011
은평,살인,발생,10,2011
은평,살인,검거,8,2011
은평,강도,발생,21,2011
은평,강도,검거,13,2011
은평,강간,발생,82,2011
은평,강간,검거,73,2011
은평,절도,발생,1072,2011
은평,절도,검거,431,2011
은평,폭력,발생,1617,2011
은평,폭력,검거,1339,2011
도봉,살인,발생,10,2011
도봉,살인,검거,10,2011
도봉,강도,발생,29,2011
도봉,강도,검거,30,2011
도봉,강간,발생,100,2011
도봉,강간,검거,99,2011
도봉,절도,발생,1418,2011
도봉,절도,검거,375,2011
도봉,폭력,발생,1700,2011
도봉,폭력,검거,1440,2011
수서,살인,발생,8,2011
수서,살인,검거,5,2011
수서,강도,발생,26,2011
수서,강도,검거,30,2011
수서,강간,발생,159,2011
수서,강간,검거,109,2011
수서,절도,발생,1780,2011
수서,절도,검거,422,2011
수서,폭력,발생,2000,2011
수서,폭력,검거,1516,2011
중부,살인,발생,4,2012
중부,살인,검거,5,2012
중부,강도,발생,9,2012
중부,강도,검거,8,2012
중부,강간,발생,100,2012
중부,강간,검거,73,2012
중부,절도,발생,1497,2012
중부,절도,검거,421,2012
중부,폭력,발생,1580,2012
중부,폭력,검거,1361,2012
종로,살인,발생,2,2012
종로,살인,검거,1,2012
종로,강도,발생,5,2012
종로,강도,검거,3,2012
종로,강간,발생,93,2012
종로,강간,검거,77,2012
종로,절도,발생,1036,2012
종로,절도,검거,344,2012
종로,폭력,발생,1279,2012
종로,폭력,검거,1079,2012
남대문,살인,발생,1,2012
남대문,살인,검거,1,2012
남대문,강도,발생,5,2012
남대문,강도,검거,4,2012
남대문,강간,발생,68,2012
남대문,강간,검거,60,2012
남대문,절도,발생,892,2012
남대문,절도,검거,353,2012
남대문,폭력,발생,1116,2012
남대문,폭력,검거,984,2012
서대문,살인,발생,7,2012
서대문,살인,검거,8,2012
서대문,강도,발생,15,2012
서대문,강도,검거,18,2012
서대문,강간,발생,191,2012
서대문,강간,검거,173,2012
서대문,절도,발생,2039,2012
서대문,절도,검거,777,2012
서대문,폭력,발생,2120,2012
서대문,폭력,검거,1715,2012
혜화,살인,발생,2,2012
혜화,살인,검거,2,2012
혜화,강도,발생,10,2012
혜화,강도,검거,12,2012
혜화,강간,발생,70,2012
혜화,강간,검거,51,2012
혜화,절도,발생,1264,2012
혜화,절도,검거,610,2012
혜화,폭력,발생,1342,2012
혜화,폭력,검거,1164,2012
용산,살인,발생,7,2012
용산,살인,검거,8,2012
용산,강도,발생,32,2012
용산,강도,검거,27,2012
용산,강간,발생,165,2012
용산,강간,검거,143,2012
용산,절도,발생,1517,2012
용산,절도,검거,602,2012
용산,폭력,발생,2268,2012
용산,폭력,검거,1894,2012
성북,살인,발생,5,2012
성북,살인,검거,4,2012
성북,강도,발생,8,2012
성북,강도,검거,4,2012
성북,강간,발생,105,2012
성북,강간,검거,82,2012
성북,절도,발생,1226,2012
성북,절도,검거,364,2012
성북,폭력,발생,1270,2012
성북,폭력,검거,1056,2012
동대문,살인,발생,11,2012
동대문,살인,검거,10,2012
동대문,강도,발생,26,2012
동대문,강도,검거,15,2012
동대문,강간,발생,166,2012
동대문,강간,검거,125,2012
동대문,절도,발생,2200,2012
동대문,절도,검거,553,2012
동대문,폭력,발생,2779,2012
동대문,폭력,검거,2354,2012
마포,살인,발생,4,2012
마포,살인,검거,4,2012
마포,강도,발생,16,2012
마포,강도,검거,12,2012
마포,강간,발생,224,2012
마포,강간,검거,161,2012
마포,절도,발생,2911,2012
마포,절도,검거,633,2012
마포,폭력,발생,2957,2012
마포,폭력,검거,2359,2012
영등포,살인,발생,18,2012
영등포,살인,검거,18,2012
영등포,강도,발생,27,2012
영등포,강도,검거,19,2012
영등포,강간,발생,237,2012
영등포,강간,검거,199,2012
영등포,절도,발생,3052,2012
영등포,절도,검거,776,2012
영등포,폭력,발생,4049,2012
영등포,폭력,검거,3358,2012
성동,살인,발생,3,2012
성동,살인,검거,3,2012
성동,강도,발생,11,2012
성동,강도,검거,11,2012
성동,강간,발생,114,2012
성동,강간,검거,84,2012
성동,절도,발생,1743,2012
성동,절도,검거,545,2012
성동,폭력,발생,1715,2012
성동,폭력,검거,1401,2012
동작,살인,발생,2,2012
동작,살인,검거,2,2012
동작,강도,발생,15,2012
동작,강도,검거,5,2012
동작,강간,발생,170,2012
동작,강간,검거,112,2012
동작,절도,발생,2012,2012
동작,절도,검거,470,2012
동작,폭력,발생,1915,2012
동작,폭력,검거,1582,2012
광진,살인,발생,6,2012
광진,살인,검거,7,2012
광진,강도,발생,27,2012
광진,강도,검거,28,2012
광진,강간,발생,246,2012
광진,강간,검거,198,2012
광진,절도,발생,2904,2012
광진,절도,검거,1258,2012
광진,폭력,발생,3038,2012
광진,폭력,검거,2442,2012
서부,살인,발생,3,2012
서부,살인,검거,3,2012
서부,강도,발생,7,2012
서부,강도,검거,6,2012
서부,강간,발생,76,2012
서부,강간,검거,71,2012
서부,절도,발생,954,2012
서부,절도,검거,376,2012
서부,폭력,발생,1246,2012
서부,폭력,검거,1050,2012
강북,살인,발생,3,2012
강북,살인,검거,3,2012
강북,강도,발생,23,2012
강북,강도,검거,23,2012
강북,강간,발생,153,2012
강북,강간,검거,126,2012
강북,절도,발생,1362,2012
강북,절도,검거,497,2012
강북,폭력,발생,2727,2012
강북,폭력,검거,2413,2012
금천,살인,발생,8,2012
금천,살인,검거,7,2012
금천,강도,발생,26,2012
금천,강도,검거,23,2012
금천,강간,발생,127,2012
금천,강간,검거,122,2012
금천,절도,발생,1656,2012
금천,절도,검거,702,2012
금천,폭력,발생,2293,2012
금천,폭력,검거,1928,2012
중랑,살인,발생,9,2012
중랑,살인,검거,9,2012
중랑,강도,발생,32,2012
중랑,강도,검거,29,2012
중랑,강간,발생,185,2012
중랑,강간,검거,144,2012
중랑,절도,발생,2169,2012
중랑,절도,검거,705,2012
중랑,폭력,발생,3483,2012
중랑,폭력,검거,2936,2012
강남,살인,발생,6,2012
강남,살인,검거,4,2012
강남,강도,발생,27,2012
강남,강도,검거,18,2012
강남,강간,발생,255,2012
강남,강간,검거,164,2012
강남,절도,발생,2845,2012
강남,절도,검거,793,2012
강남,폭력,발생,3128,2012
강남,폭력,검거,2572,2012
관악,살인,발생,7,2012
관악,살인,검거,7,2012
관악,강도,발생,43,2012
관악,강도,검거,28,2012
관악,강간,발생,355,2012
관악,강간,검거,237,2012
관악,절도,발생,3067,2012
관악,절도,검거,854,2012
관악,폭력,발생,3420,2012
관악,폭력,검거,2757,2012
강서,살인,발생,15,2012
강서,살인,검거,14,2012
강서,강도,발생,35,2012
강서,강도,검거,32,2012
강서,강간,발생,207,2012
강서,강간,검거,159,2012
강서,절도,발생,2825,2012
강서,절도,검거,1022,2012
강서,폭력,발생,3056,2012
강서,폭력,검거,2472,2012
강동,살인,발생,5,2012
강동,살인,검거,4,2012
강동,강도,발생,21,2012
강동,강도,검거,19,2012
강동,강간,발생,181,2012
강동,강간,검거,135,2012
강동,절도,발생,2531,2012
강동,절도,검거,758,2012
강동,폭력,발생,2871,2012
강동,폭력,검거,2363,2012
종암,살인,발생,4,2012
종암,살인,검거,4,2012
종암,강도,발생,10,2012
종암,강도,검거,7,2012
종암,강간,발생,56,2012
종암,강간,검거,46,2012
종암,절도,발생,976,2012
종암,절도,검거,375,2012
종암,폭력,발생,1005,2012
종암,폭력,검거,864,2012
구로,살인,발생,9,2012
구로,살인,검거,9,2012
구로,강도,발생,25,2012
구로,강도,검거,16,2012
구로,강간,발생,236,2012
구로,강간,검거,120,2012
구로,절도,발생,2620,2012
구로,절도,검거,680,2012
구로,폭력,발생,3239,2012
구로,폭력,검거,2606,2012
서초,살인,발생,4,2012
서초,살인,검거,5,2012
서초,강도,발생,8,2012
서초,강도,검거,7,2012
서초,강간,발생,212,2012
서초,강간,검거,156,2012
서초,절도,발생,2015,2012
서초,절도,검거,615,2012
서초,폭력,발생,1979,2012
서초,폭력,검거,1636,2012
양천,살인,발생,5,2012
양천,살인,검거,4,2012
양천,강도,발생,16,2012
양천,강도,검거,11,2012
양천,강간,발생,127,2012
양천,강간,검거,84,2012
양천,절도,발생,1996,2012
양천,절도,검거,621,2012
양천,폭력,발생,2372,2012
양천,폭력,검거,1963,2012
송파,살인,발생,11,2012
송파,살인,검거,10,2012
송파,강도,발생,25,2012
송파,강도,검거,16,2012
송파,강간,발생,260,2012
송파,강간,검거,196,2012
송파,절도,발생,4035,2012
송파,절도,검거,901,2012
송파,폭력,발생,3463,2012
송파,폭력,검거,2718,2012
노원,살인,발생,2,2012
노원,살인,검거,2,2012
노원,강도,발생,12,2012
노원,강도,검거,9,2012
노원,강간,발생,166,2012
노원,강간,검거,131,2012
노원,절도,발생,2292,2012
노원,절도,검거,643,2012
노원,폭력,발생,2783,2012
노원,폭력,검거,2320,2012
방배,살인,발생,0,2012
방배,살인,검거,0,2012
방배,강도,발생,4,2012
방배,강도,검거,3,2012
방배,강간,발생,50,2012
방배,강간,검거,38,2012
방배,절도,발생,696,2012
방배,절도,검거,215,2012
방배,폭력,발생,752,2012
방배,폭력,검거,622,2012
은평,살인,발생,4,2012
은평,살인,검거,4,2012
은평,강도,발생,15,2012
은평,강도,검거,8,2012
은평,강간,발생,116,2012
은평,강간,검거,92,2012
은평,절도,발생,1578,2012
은평,절도,검거,487,2012
은평,폭력,발생,1672,2012
은평,폭력,검거,1397,2012
도봉,살인,발생,8,2012
도봉,살인,검거,8,2012
도봉,강도,발생,14,2012
도봉,강도,검거,13,2012
도봉,강간,발생,79,2012
도봉,강간,검거,76,2012
도봉,절도,발생,1706,2012
도봉,절도,검거,536,2012
도봉,폭력,발생,1795,2012
도봉,폭력,검거,1560,2012
수서,살인,발생,3,2012
수서,살인,검거,3,2012
수서,강도,발생,21,2012
수서,강도,검거,18,2012
수서,강간,발생,118,2012
수서,강간,검거,86,2012
수서,절도,발생,1820,2012
수서,절도,검거,464,2012
수서,폭력,발생,1920,2012
수서,폭력,검거,1519,2012
중부,살인,발생,0,2013
중부,살인,검거,0,2013
중부,강도,발생,6,2013
중부,강도,검거,7,2013
중부,강간,발생,128,2013
중부,강간,검거,91,2013
중부,절도,발생,1540,2013
중부,절도,검거,477,2013
중부,폭력,발생,1454,2013
중부,폭력,검거,1264,2013
종로,살인,발생,2,2013
종로,살인,검거,1,2013
종로,강도,발생,5,2013
종로,강도,검거,5,2013
종로,강간,발생,117,2013
종로,강간,검거,95,2013
종로,절도,발생,1114,2013
종로,절도,검거,409,2013
종로,폭력,발생,1235,2013
종로,폭력,검거,1089,2013
남대문,살인,발생,1,2013
남대문,살인,검거,1,2013
남대문,강도,발생,10,2013
남대문,강도,검거,7,2013
남대문,강간,발생,65,2013
남대문,강간,검거,46,2013
남대문,절도,발생,1047,2013
남대문,절도,검거,438,2013
남대문,폭력,발생,989,2013
남대문,폭력,검거,884,2013
서대문,살인,발생,8,2013
서대문,살인,검거,7,2013
서대문,강도,발생,13,2013
서대문,강도,검거,11,2013
서대문,강간,발생,206,2013
서대문,강간,검거,166,2013
서대문,절도,발생,2087,2013
서대문,절도,검거,807,2013
서대문,폭력,발생,1973,2013
서대문,폭력,검거,1674,2013
혜화,살인,발생,2,2013
혜화,살인,검거,1,2013
혜화,강도,발생,6,2013
혜화,강도,검거,3,2013
혜화,강간,발생,89,2013
혜화,강간,검거,55,2013
혜화,절도,발생,1356,2013
혜화,절도,검거,634,2013
혜화,폭력,발생,1175,2013
혜화,폭력,검거,1017,2013
용산,살인,발생,4,2013
용산,살인,검거,5,2013
용산,강도,발생,23,2013
용산,강도,검거,13,2013
용산,강간,발생,182,2013
용산,강간,검거,153,2013
용산,절도,발생,1547,2013
용산,절도,검거,547,2013
용산,폭력,발생,2125,2013
용산,폭력,검거,1709,2013
성북,살인,발생,3,2013
성북,살인,검거,2,2013
성북,강도,발생,5,2013
성북,강도,검거,4,2013
성북,강간,발생,91,2013
성북,강간,검거,75,2013
성북,절도,발생,1375,2013
성북,절도,검거,398,2013
성북,폭력,발생,1274,2013
성북,폭력,검거,1049,2013
동대문,살인,발생,9,2013
동대문,살인,검거,10,2013
동대문,강도,발생,21,2013
동대문,강도,검거,10,2013
동대문,강간,발생,199,2013
동대문,강간,검거,154,2013
동대문,절도,발생,2130,2013
동대문,절도,검거,554,2013
동대문,폭력,발생,2531,2013
동대문,폭력,검거,2163,2013
마포,살인,발생,3,2013
마포,살인,검거,3,2013
마포,강도,발생,20,2013
마포,강도,검거,13,2013
마포,강간,발생,262,2013
마포,강간,검거,183,2013
마포,절도,발생,2387,2013
마포,절도,검거,662,2013
마포,폭력,발생,2740,2013
마포,폭력,검거,2226,2013
영등포,살인,발생,14,2013
영등포,살인,검거,12,2013
영등포,강도,발생,21,2013
영등포,강도,검거,20,2013
영등포,강간,발생,260,2013
영등포,강간,검거,185,2013
영등포,절도,발생,3200,2013
영등포,절도,검거,912,2013
영등포,폭력,발생,3368,2013
영등포,폭력,검거,2733,2013
성동,살인,발생,2,2013
성동,살인,검거,1,2013
성동,강도,발생,8,2013
성동,강도,검거,7,2013
성동,강간,발생,101,2013
성동,강간,검거,79,2013
성동,절도,발생,1614,2013
성동,절도,검거,510,2013
성동,폭력,발생,1482,2013
성동,폭력,검거,1260,2013
동작,살인,발생,6,2013
동작,살인,검거,6,2013
동작,강도,발생,10,2013
동작,강도,검거,6,2013
동작,강간,발생,215,2013
동작,강간,검거,118,2013
동작,절도,발생,2365,2013
동작,절도,검거,920,2013
동작,폭력,발생,1829,2013
동작,폭력,검거,1514,2013
광진,살인,발생,4,2013
광진,살인,검거,4,2013
광진,강도,발생,8,2013
광진,강도,검거,12,2013
광진,강간,발생,269,2013
광진,강간,검거,228,2013
광진,절도,발생,3124,2013
광진,절도,검거,1258,2013
광진,폭력,발생,2730,2013
광진,폭력,검거,2202,2013
서부,살인,발생,4,2013
서부,살인,검거,5,2013
서부,강도,발생,5,2013
서부,강도,검거,6,2013
서부,강간,발생,70,2013
서부,강간,검거,60,2013
서부,절도,발생,967,2013
서부,절도,검거,343,2013
서부,폭력,발생,1198,2013
서부,폭력,검거,1005,2013
강북,살인,발생,2,2013
강북,살인,검거,2,2013
강북,강도,발생,16,2013
강북,강도,검거,18,2013
강북,강간,발생,202,2013
강북,강간,검거,170,2013
강북,절도,발생,1464,2013
강북,절도,검거,571,2013
강북,폭력,발생,2336,2013
강북,폭력,검거,2084,2013
금천,살인,발생,6,2013
금천,살인,검거,5,2013
금천,강도,발생,16,2013
금천,강도,검거,14,2013
금천,강간,발생,138,2013
금천,강간,검거,108,2013
금천,절도,발생,1620,2013
금천,절도,검거,735,2013
금천,폭력,발생,2180,2013
금천,폭력,검거,1815,2013
중랑,살인,발생,6,2013
중랑,살인,검거,6,2013
중랑,강도,발생,18,2013
중랑,강도,검거,14,2013
중랑,강간,발생,185,2013
중랑,강간,검거,139,2013
중랑,절도,발생,2052,2013
중랑,절도,검거,732,2013
중랑,폭력,발생,2907,2013
중랑,폭력,검거,2516,2013
강남,살인,발생,6,2013
강남,살인,검거,6,2013
강남,강도,발생,16,2013
강남,강도,검거,9,2013
강남,강간,발생,325,2013
강남,강간,검거,223,2013
강남,절도,발생,2750,2013
강남,절도,검거,716,2013
강남,폭력,발생,2916,2013
강남,폭력,검거,2418,2013
관악,살인,발생,7,2013
관악,살인,검거,6,2013
관악,강도,발생,24,2013
관악,강도,검거,17,2013
관악,강간,발생,374,2013
관악,강간,검거,209,2013
관악,절도,발생,3447,2013
관악,절도,검거,753,2013
관악,폭력,발생,3385,2013
관악,폭력,검거,2733,2013
강서,살인,발생,14,2013
강서,살인,검거,12,2013
강서,강도,발생,26,2013
강서,강도,검거,24,2013
강서,강간,발생,270,2013
강서,강간,검거,224,2013
강서,절도,발생,2638,2013
강서,절도,검거,949,2013
강서,폭력,발생,3028,2013
강서,폭력,검거,2395,2013
강동,살인,발생,9,2013
강동,살인,검거,9,2013
강동,강도,발생,17,2013
강동,강도,검거,11,2013
강동,강간,발생,152,2013
강동,강간,검거,130,2013
강동,절도,발생,2546,2013
강동,절도,검거,722,2013
강동,폭력,발생,2810,2013
강동,폭력,검거,2362,2013
종암,살인,발생,1,2013
종암,살인,검거,1,2013
종암,강도,발생,8,2013
종암,강도,검거,8,2013
종암,강간,발생,60,2013
종암,강간,검거,50,2013
종암,절도,발생,914,2013
종암,절도,검거,278,2013
종암,폭력,발생,1036,2013
종암,폭력,검거,857,2013
구로,살인,발생,9,2013
구로,살인,검거,10,2013
구로,강도,발생,20,2013
구로,강도,검거,13,2013
구로,강간,발생,233,2013
구로,강간,검거,165,2013
구로,절도,발생,2436,2013
구로,절도,검거,663,2013
구로,폭력,발생,2967,2013
구로,폭력,검거,2329,2013
서초,살인,발생,1,2013
서초,살인,검거,1,2013
서초,강도,발생,10,2013
서초,강도,검거,8,2013
서초,강간,발생,224,2013
서초,강간,검거,158,2013
서초,절도,발생,2177,2013
서초,절도,검거,619,2013
서초,폭력,발생,1861,2013
서초,폭력,검거,1540,2013
양천,살인,발생,3,2013
양천,살인,검거,2,2013
양천,강도,발생,16,2013
양천,강도,검거,7,2013
양천,강간,발생,136,2013
양천,강간,검거,97,2013
양천,절도,발생,2032,2013
양천,절도,검거,643,2013
양천,폭력,발생,2431,2013
양천,폭력,검거,1823,2013
송파,살인,발생,4,2013
송파,살인,검거,3,2013
송파,강도,발생,18,2013
송파,강도,검거,15,2013
송파,강간,발생,257,2013
송파,강간,검거,181,2013
송파,절도,발생,3915,2013
송파,절도,검거,836,2013
송파,폭력,발생,3058,2013
송파,폭력,검거,2368,2013
노원,살인,발생,7,2013
노원,살인,검거,7,2013
노원,강도,발생,14,2013
노원,강도,검거,10,2013
노원,강간,발생,207,2013
노원,강간,검거,135,2013
노원,절도,발생,2316,2013
노원,절도,검거,801,2013
노원,폭력,발생,2712,2013
노원,폭력,검거,2274,2013
방배,살인,발생,1,2013
방배,살인,검거,1,2013
방배,강도,발생,6,2013
방배,강도,검거,4,2013
방배,강간,발생,55,2013
방배,강간,검거,37,2013
방배,절도,발생,763,2013
방배,절도,검거,215,2013
방배,폭력,발생,645,2013
방배,폭력,검거,535,2013
은평,살인,발생,5,2013
은평,살인,검거,4,2013
은평,강도,발생,9,2013
은평,강도,검거,11,2013
은평,강간,발생,92,2013
은평,강간,검거,73,2013
은평,절도,발생,1431,2013
은평,절도,검거,571,2013
은평,폭력,발생,1633,2013
은평,폭력,검거,1369,2013
도봉,살인,발생,3,2013
도봉,살인,검거,2,2013
도봉,강도,발생,10,2013
도봉,강도,검거,13,2013
도봉,강간,발생,90,2013
도봉,강간,검거,77,2013
도봉,절도,발생,1535,2013
도봉,절도,검거,584,2013
도봉,폭력,발생,1592,2013
도봉,폭력,검거,1357,2013
수서,살인,발생,6,2013
수서,살인,검거,6,2013
수서,강도,발생,15,2013
수서,강도,검거,10,2013
수서,강간,발생,130,2013
수서,강간,검거,94,2013
수서,절도,발생,1696,2013
수서,절도,검거,470,2013
수서,폭력,발생,1817,2013
수서,폭력,검거,1512,2013
중부,살인,발생,3,2014
중부,살인,검거,2,2014
중부,강도,발생,8,2014
중부,강도,검거,8,2014
중부,강간,발생,143,2014
중부,강간,검거,105,2014
중부,절도,발생,1364,2014
중부,절도,검거,408,2014
중부,폭력,발생,1414,2014
중부,폭력,검거,1229,2014
종로,살인,발생,3,2014
종로,살인,검거,2,2014
종로,강도,발생,6,2014
종로,강도,검거,3,2014
종로,강간,발생,122,2014
종로,강간,검거,90,2014
종로,절도,발생,975,2014
종로,절도,검거,371,2014
종로,폭력,발생,1283,2014
종로,폭력,검거,1114,2014
남대문,살인,발생,3,2014
남대문,살인,검거,3,2014
남대문,강도,발생,5,2014
남대문,강도,검거,5,2014
남대문,강간,발생,78,2014
남대문,강간,검거,56,2014
남대문,절도,발생,1212,2014
남대문,절도,검거,479,2014
남대문,폭력,발생,1001,2014
남대문,폭력,검거,893,2014
서대문,살인,발생,3,2014
서대문,살인,검거,3,2014
서대문,강도,발생,4,2014
서대문,강도,검거,7,2014
서대문,강간,발생,185,2014
서대문,강간,검거,150,2014
서대문,절도,발생,1883,2014
서대문,절도,검거,665,2014
서대문,폭력,발생,2119,2014
서대문,폭력,검거,1763,2014
혜화,살인,발생,0,2014
혜화,살인,검거,0,2014
혜화,강도,발생,6,2014
혜화,강도,검거,5,2014
혜화,강간,발생,104,2014
혜화,강간,검거,61,2014
혜화,절도,발생,1297,2014
혜화,절도,검거,695,2014
혜화,폭력,발생,1225,2014
혜화,폭력,검거,1087,2014
용산,살인,발생,1,2014
용산,살인,검거,2,2014
용산,강도,발생,7,2014
용산,강도,검거,7,2014
용산,강간,발생,213,2014
용산,강간,검거,169,2014
용산,절도,발생,1560,2014
용산,절도,검거,522,2014
용산,폭력,발생,2018,2014
용산,폭력,검거,1640,2014
성북,살인,발생,6,2014
성북,살인,검거,3,2014
성북,강도,발생,7,2014
성북,강도,검거,5,2014
성북,강간,발생,93,2014
성북,강간,검거,77,2014
성북,절도,발생,1141,2014
성북,절도,검거,362,2014
성북,폭력,발생,1215,2014
성북,폭력,검거,1033,2014
동대문,살인,발생,12,2014
동대문,살인,검거,11,2014
동대문,강도,발생,13,2014
동대문,강도,검거,8,2014
동대문,강간,발생,141,2014
동대문,강간,검거,112,2014
동대문,절도,발생,1809,2014
동대문,절도,검거,676,2014
동대문,폭력,발생,2388,2014
동대문,폭력,검거,2075,2014
마포,살인,발생,4,2014
마포,살인,검거,4,2014
마포,강도,발생,22,2014
마포,강도,검거,9,2014
마포,강간,발생,265,2014
마포,강간,검거,218,2014
마포,절도,발생,2763,2014
마포,절도,검거,742,2014
마포,폭력,발생,2686,2014
마포,폭력,검거,2163,2014
영등포,살인,발생,14,2014
영등포,살인,검거,15,2014
영등포,강도,발생,10,2014
영등포,강도,검거,5,2014
영등포,강간,발생,250,2014
영등포,강간,검거,183,2014
영등포,절도,발생,3080,2014
영등포,절도,검거,892,2014
영등포,폭력,발생,3649,2014
영등포,폭력,검거,2977,2014
성동,살인,발생,1,2014
성동,살인,검거,1,2014
성동,강도,발생,5,2014
성동,강도,검거,6,2014
성동,강간,발생,141,2014
성동,강간,검거,103,2014
성동,절도,발생,1753,2014
성동,절도,검거,529,2014
성동,폭력,발생,1682,2014
성동,폭력,검거,1409,2014
동작,살인,발생,2,2014
동작,살인,검거,2,2014
동작,강도,발생,9,2014
동작,강도,검거,7,2014
동작,강간,발생,203,2014
동작,강간,검거,120,2014
동작,절도,발생,1787,2014
동작,절도,검거,603,2014
동작,폭력,발생,1868,2014
동작,폭력,검거,1580,2014
광진,살인,발생,8,2014
광진,살인,검거,9,2014
광진,강도,발생,16,2014
광진,강도,검거,22,2014
광진,강간,발생,249,2014
광진,강간,검거,199,2014
광진,절도,발생,3167,2014
광진,절도,검거,1001,2014
광진,폭력,발생,2828,2014
광진,폭력,검거,2300,2014
서부,살인,발생,0,2014
서부,살인,검거,0,2014
서부,강도,발생,13,2014
서부,강도,검거,11,2014
서부,강간,발생,74,2014
서부,강간,검거,57,2014
서부,절도,발생,1010,2014
서부,절도,검거,365,2014
서부,폭력,발생,1303,2014
서부,폭력,검거,1065,2014
강북,살인,발생,6,2014
강북,살인,검거,5,2014
강북,강도,발생,21,2014
강북,강도,검거,10,2014
강북,강간,발생,189,2014
강북,강간,검거,152,2014
강북,절도,발생,1494,2014
강북,절도,검거,575,2014
강북,폭력,발생,2320,2014
강북,폭력,검거,2064,2014
금천,살인,발생,7,2014
금천,살인,검거,7,2014
금천,강도,발생,9,2014
금천,강도,검거,6,2014
금천,강간,발생,162,2014
금천,강간,검거,133,2014
금천,절도,발생,1552,2014
금천,절도,검거,496,2014
금천,폭력,발생,2112,2014
금천,폭력,검거,1792,2014
중랑,살인,발생,11,2014
중랑,살인,검거,10,2014
중랑,강도,발생,14,2014
중랑,강도,검거,11,2014
중랑,강간,발생,163,2014
중랑,강간,검거,118,2014
중랑,절도,발생,2390,2014
중랑,절도,검거,823,2014
중랑,폭력,발생,2775,2014
중랑,폭력,검거,2297,2014
강남,살인,발생,8,2014
강남,살인,검거,4,2014
강남,강도,발생,19,2014
강남,강도,검거,17,2014
강남,강간,발생,373,2014
강남,강간,검거,288,2014
강남,절도,발생,2340,2014
강남,절도,검거,786,2014
강남,폭력,발생,2685,2014
강남,폭력,검거,2234,2014
관악,살인,발생,7,2014
관악,살인,검거,8,2014
관악,강도,발생,25,2014
관악,강도,검거,22,2014
관악,강간,발생,361,2014
관악,강간,검거,238,2014
관악,절도,발생,3029,2014
관악,절도,검거,784,2014
관악,폭력,발생,3359,2014
관악,폭력,검거,2649,2014
강서,살인,발생,8,2014
강서,살인,검거,6,2014
강서,강도,발생,9,2014
강서,강도,검거,9,2014
강서,강간,발생,214,2014
강서,강간,검거,179,2014
강서,절도,발생,2341,2014
강서,절도,검거,734,2014
강서,폭력,발생,2717,2014
강서,폭력,검거,2297,2014
강동,살인,발생,5,2014
강동,살인,검거,4,2014
강동,강도,발생,10,2014
강동,강도,검거,8,2014
강동,강간,발생,148,2014
강동,강간,검거,129,2014
강동,절도,발생,2425,2014
강동,절도,검거,827,2014
강동,폭력,발생,2804,2014
강동,폭력,검거,2317,2014
종암,살인,발생,2,2014
종암,살인,검거,2,2014
종암,강도,발생,9,2014
종암,강도,검거,15,2014
종암,강간,발생,72,2014
종암,강간,검거,51,2014
종암,절도,발생,989,2014
종암,절도,검거,573,2014
종암,폭력,발생,1072,2014
종암,폭력,검거,907,2014
구로,살인,발생,3,2014
구로,살인,검거,3,2014
구로,강도,발생,14,2014
구로,강도,검거,10,2014
구로,강간,발생,252,2014
구로,강간,검거,186,2014
구로,절도,발생,2377,2014
구로,절도,검거,579,2014
구로,폭력,발생,2743,2014
구로,폭력,검거,2207,2014
서초,살인,발생,4,2014
서초,살인,검거,6,2014
서초,강도,발생,12,2014
서초,강도,검거,10,2014
서초,강간,발생,224,2014
서초,강간,검거,145,2014
서초,절도,발생,2018,2014
서초,절도,검거,587,2014
서초,폭력,발생,1820,2014
서초,폭력,검거,1561,2014
양천,살인,발생,5,2014
양천,살인,검거,5,2014
양천,강도,발생,11,2014
양천,강도,검거,10,2014
양천,강간,발생,129,2014
양천,강간,검거,96,2014
양천,절도,발생,2058,2014
양천,절도,검거,630,2014
양천,폭력,발생,2439,2014
양천,폭력,검거,1913,2014
송파,살인,발생,9,2014
송파,살인,검거,8,2014
송파,강도,발생,9,2014
송파,강도,검거,10,2014
송파,강간,발생,255,2014
송파,강간,검거,195,2014
송파,절도,발생,4199,2014
송파,절도,검거,885,2014
송파,폭력,발생,3532,2014
송파,폭력,검거,2884,2014
노원,살인,발생,5,2014
노원,살인,검거,4,2014
노원,강도,발생,8,2014
노원,강도,검거,7,2014
노원,강간,발생,173,2014
노원,강간,검거,136,2014
노원,절도,발생,2404,2014
노원,절도,검거,803,2014
노원,폭력,발생,2722,2014
노원,폭력,검거,2350,2014
방배,살인,발생,2,2014
방배,살인,검거,3,2014
방배,강도,발생,2,2014
방배,강도,검거,2,2014
방배,강간,발생,61,2014
방배,강간,검거,39,2014
방배,절도,발생,729,2014
방배,절도,검거,195,2014
방배,폭력,발생,686,2014
방배,폭력,검거,574,2014
은평,살인,발생,5,2014
은평,살인,검거,3,2014
은평,강도,발생,11,2014
은평,강도,검거,10,2014
은평,강간,발생,114,2014
은평,강간,검거,101,2014
은평,절도,발생,1342,2014
은평,절도,검거,433,2014
은평,폭력,발생,1559,2014
은평,폭력,검거,1280,2014
도봉,살인,발생,6,2014
도봉,살인,검거,7,2014
도봉,강도,발생,11,2014
도봉,강도,검거,15,2014
도봉,강간,발생,172,2014
도봉,강간,검거,159,2014
도봉,절도,발생,1350,2014
도봉,절도,검거,478,2014
도봉,폭력,발생,1585,2014
도봉,폭력,검거,1327,2014
수서,살인,발생,5,2014
수서,살인,검거,5,2014
수서,강도,발생,18,2014
수서,강도,검거,12,2014
수서,강간,발생,139,2014
수서,강간,검거,115,2014
수서,절도,발생,1555,2014
수서,절도,검거,407,2014
수서,폭력,발생,1709,2014
수서,폭력,검거,1394,2014
중부,살인,발생,2,2015
중부,살인,검거,2,2015
중부,강도,발생,3,2015
중부,강도,검거,2,2015
중부,강간,발생,105,2015
중부,강간,검거,65,2015
중부,절도,발생,1395,2015
중부,절도,검거,477,2015
중부,폭력,발생,1355,2015
중부,폭력,검거,1170,2015
종로,살인,발생,3,2015
종로,살인,검거,3,2015
종로,강도,발생,6,2015
종로,강도,검거,5,2015
종로,강간,발생,115,2015
종로,강간,검거,98,2015
종로,절도,발생,1070,2015
종로,절도,검거,413,2015
종로,폭력,발생,1278,2015
종로,폭력,검거,1070,2015
남대문,살인,발생,1,2015
남대문,살인,검거,0,2015
남대문,강도,발생,6,2015
남대문,강도,검거,4,2015
남대문,강간,발생,65,2015
남대문,강간,검거,46,2015
남대문,절도,발생,1153,2015
남대문,절도,검거,382,2015
남대문,폭력,발생,869,2015
남대문,폭력,검거,794,2015
서대문,살인,발생,2,2015
서대문,살인,검거,2,2015
서대문,강도,발생,5,2015
서대문,강도,검거,4,2015
서대문,강간,발생,154,2015
서대문,강간,검거,124,2015
서대문,절도,발생,1812,2015
서대문,절도,검거,738,2015
서대문,폭력,발생,2056,2015
서대문,폭력,검거,1711,2015
혜화,살인,발생,3,2015
혜화,살인,검거,2,2015
혜화,강도,발생,5,2015
혜화,강도,검거,4,2015
혜화,강간,발생,96,2015
혜화,강간,검거,63,2015
혜화,절도,발생,1114,2015
혜화,절도,검거,424,2015
혜화,폭력,발생,1015,2015
혜화,폭력,검거,861,2015
용산,살인,발생,5,2015
용산,살인,검거,5,2015
용산,강도,발생,14,2015
용산,강도,검거,14,2015
용산,강간,발생,194,2015
용산,강간,검거,173,2015
용산,절도,발생,1557,2015
용산,절도,검거,587,2015
용산,폭력,발생,2050,2015
용산,폭력,검거,1704,2015
성북,살인,발생,2,2015
성북,살인,검거,2,2015
성북,강도,발생,2,2015
성북,강도,검거,1,2015
성북,강간,발생,86,2015
성북,강간,검거,71,2015
성북,절도,발생,953,2015
성북,절도,검거,409,2015
성북,폭력,발생,1194,2015
성북,폭력,검거,1015,2015
동대문,살인,발생,5,2015
동대문,살인,검거,5,2015
동대문,강도,발생,13,2015
동대문,강도,검거,13,2015
동대문,강간,발생,173,2015
동대문,강간,검거,146,2015
동대문,절도,발생,1981,2015
동대문,절도,검거,814,2015
동대문,폭력,발생,2548,2015
동대문,폭력,검거,2227,2015
마포,살인,발생,8,2015
마포,살인,검거,8,2015
마포,강도,발생,14,2015
마포,강도,검거,10,2015
마포,강간,발생,294,2015
마포,강간,검거,247,2015
마포,절도,발생,2555,2015
마포,절도,검거,813,2015
마포,폭력,발생,2983,2015
마포,폭력,검거,2519,2015
영등포,살인,발생,14,2015
영등포,살인,검거,12,2015
영등포,강도,발생,22,2015
영등포,강도,검거,20,2015
영등포,강간,발생,295,2015
영등포,강간,검거,183,2015
영등포,절도,발생,2964,2015
영등포,절도,검거,978,2015
영등포,폭력,발생,3572,2015
영등포,폭력,검거,2961,2015
성동,살인,발생,4,2015
성동,살인,검거,4,2015
성동,강도,발생,9,2015
성동,강도,검거,8,2015
성동,강간,발생,126,2015
성동,강간,검거,119,2015
성동,절도,발생,1607,2015
성동,절도,검거,597,2015
성동,폭력,발생,1612,2015
성동,폭력,검거,1395,2015
동작,살인,발생,5,2015
동작,살인,검거,5,2015
동작,강도,발생,9,2015
동작,강도,검거,5,2015
동작,강간,발생,285,2015
동작,강간,검거,139,2015
동작,절도,발생,1865,2015
동작,절도,검거,661,2015
동작,폭력,발생,1910,2015
동작,폭력,검거,1587,2015
광진,살인,발생,4,2015
광진,살인,검거,4,2015
광진,강도,발생,14,2015
광진,강도,검거,26,2015
광진,강간,발생,240,2015
광진,강간,검거,220,2015
광진,절도,발생,3026,2015
광진,절도,검거,1277,2015
광진,폭력,발생,2625,2015
광진,폭력,검거,2180,2015
서부,살인,발생,2,2015
서부,살인,검거,2,2015
서부,강도,발생,2,2015
서부,강도,검거,1,2015
서부,강간,발생,70,2015
서부,강간,검거,59,2015
서부,절도,발생,819,2015
서부,절도,검거,293,2015
서부,폭력,발생,1192,2015
서부,폭력,검거,1038,2015
강북,살인,발생,7,2015
강북,살인,검거,8,2015
강북,강도,발생,14,2015
강북,강도,검거,13,2015
강북,강간,발생,153,2015
강북,강간,검거,126,2015
강북,절도,발생,1434,2015
강북,절도,검거,618,2015
강북,폭력,발생,2649,2015
강북,폭력,검거,2348,2015
금천,살인,발생,3,2015
금천,살인,검거,4,2015
금천,강도,발생,6,2015
금천,강도,검거,6,2015
금천,강간,발생,151,2015
금천,강간,검거,122,2015
금천,절도,발생,1567,2015
금천,절도,검거,888,2015
금천,폭력,발생,2054,2015
금천,폭력,검거,1776,2015
중랑,살인,발생,13,2015
중랑,살인,검거,12,2015
중랑,강도,발생,11,2015
중랑,강도,검거,9,2015
중랑,강간,발생,187,2015
중랑,강간,검거,148,2015
중랑,절도,발생,2135,2015
중랑,절도,검거,829,2015
중랑,폭력,발생,2847,2015
중랑,폭력,검거,2407,2015
강남,살인,발생,3,2015
강남,살인,검거,3,2015
강남,강도,발생,15,2015
강남,강도,검거,12,2015
강남,강간,발생,300,2015
강남,강간,검거,225,2015
강남,절도,발생,2411,2015
강남,절도,검거,984,2015
강남,폭력,발생,2465,2015
강남,폭력,검거,2146,2015
관악,살인,발생,9,2015
관악,살인,검거,8,2015
관악,강도,발생,12,2015
관악,강도,검거,14,2015
관악,강간,발생,320,2015
관악,강간,검거,221,2015
관악,절도,발생,2706,2015
관악,절도,검거,827,2015
관악,폭력,발생,3298,2015
관악,폭력,검거,2642,2015
강서,살인,발생,7,2015
강서,살인,검거,8,2015
강서,강도,발생,13,2015
강서,강도,검거,13,2015
강서,강간,발생,262,2015
강서,강간,검거,191,2015
강서,절도,발생,2096,2015
강서,절도,검거,1260,2015
강서,폭력,발생,3207,2015
강서,폭력,검거,2718,2015
강동,살인,발생,4,2015
강동,살인,검거,3,2015
강동,강도,발생,6,2015
강동,강도,검거,8,2015
강동,강간,발생,156,2015
강동,강간,검거,123,2015
강동,절도,발생,2366,2015
강동,절도,검거,789,2015
강동,폭력,발생,2712,2015
강동,폭력,검거,2248,2015
종암,살인,발생,3,2015
종암,살인,검거,3,2015
종암,강도,발생,3,2015
종암,강도,검거,3,2015
종암,강간,발생,64,2015
종암,강간,검거,53,2015
종암,절도,발생,832,2015
종암,절도,검거,332,2015
종암,폭력,발생,1015,2015
종암,폭력,검거,840,2015
구로,살인,발생,8,2015
구로,살인,검거,6,2015
구로,강도,발생,15,2015
구로,강도,검거,11,2015
구로,강간,발생,281,2015
구로,강간,검거,164,2015
구로,절도,발생,2335,2015
구로,절도,검거,889,2015
구로,폭력,발생,3007,2015
구로,폭력,검거,2432,2015
서초,살인,발생,7,2015
서초,살인,검거,4,2015
서초,강도,발생,8,2015
서초,강도,검거,5,2015
서초,강간,발생,334,2015
서초,강간,검거,193,2015
서초,절도,발생,1982,2015
서초,절도,검거,905,2015
서초,폭력,발생,1852,2015
서초,폭력,검거,1607,2015
양천,살인,발생,3,2015
양천,살인,검거,5,2015
양천,강도,발생,6,2015
양천,강도,검거,3,2015
양천,강간,발생,120,2015
양천,강간,검거,105,2015
양천,절도,발생,1890,2015
양천,절도,검거,672,2015
양천,폭력,발생,2509,2015
양천,폭력,검거,2030,2015
송파,살인,발생,11,2015
송파,살인,검거,10,2015
송파,강도,발생,13,2015
송파,강도,검거,10,2015
송파,강간,발생,220,2015
송파,강간,검거,178,2015
송파,절도,발생,3239,2015
송파,절도,검거,1129,2015
송파,폭력,발생,3295,2015
송파,폭력,검거,2786,2015
노원,살인,발생,10,2015
노원,살인,검거,10,2015
노원,강도,발생,7,2015
노원,강도,검거,7,2015
노원,강간,발생,197,2015
노원,강간,검거,121,2015
노원,절도,발생,2193,2015
노원,절도,검거,801,2015
노원,폭력,발생,2723,2015
노원,폭력,검거,2329,2015
방배,살인,발생,1,2015
방배,살인,검거,2,2015
방배,강도,발생,1,2015
방배,강도,검거,1,2015
방배,강간,발생,59,2015
방배,강간,검거,56,2015
방배,절도,발생,653,2015
방배,절도,검거,186,2015
방배,폭력,발생,547,2015
방배,폭력,검거,491,2015
은평,살인,발생,1,2015
은평,살인,검거,1,2015
은평,강도,발생,7,2015
은평,강도,검거,5,2015
은평,강간,발생,96,2015
은평,강간,검거,82,2015
은평,절도,발생,1095,2015
은평,절도,검거,418,2015
은평,폭력,발생,1461,2015
은평,폭력,검거,1268,2015
도봉,살인,발생,3,2015
도봉,살인,검거,3,2015
도봉,강도,발생,9,2015
도봉,강도,검거,10,2015
도봉,강간,발생,102,2015
도봉,강간,검거,106,2015
도봉,절도,발생,1063,2015
도봉,절도,검거,478,2015
도봉,폭력,발생,1487,2015
도봉,폭력,검거,1303,2015
수서,살인,발생,10,2015
수서,살인,검거,7,2015
수서,강도,발생,6,2015
수서,강도,검거,6,2015
수서,강간,발생,149,2015
수서,강간,검거,124,2015
수서,절도,발생,1439,2015
수서,절도,검거,666,2015
수서,폭력,발생,1819,2015
수서,폭력,검거,1559,2015
중부,살인,발생,2,2016
중부,살인,검거,2,2016
중부,강도,발생,3,2016
중부,강도,검거,3,2016
중부,강간,발생,141,2016
중부,강간,검거,96,2016
중부,절도,발생,1204,2016
중부,절도,검거,485,2016
중부,폭력,발생,1335,2016
중부,폭력,검거,1164,2016
종로,살인,발생,4,2016
종로,살인,검거,0,2016
종로,강도,발생,6,2016
종로,강도,검거,3,2016
종로,강간,발생,137,2016
종로,강간,검거,113,2016
종로,절도,발생,952,2016
종로,절도,검거,389,2016
종로,폭력,발생,1291,2016
종로,폭력,검거,1135,2016
남대문,살인,발생,1,2016
남대문,살인,검거,1,2016
남대문,강도,발생,5,2016
남대문,강도,검거,4,2016
남대문,강간,발생,57,2016
남대문,강간,검거,52,2016
남대문,절도,발생,946,2016
남대문,절도,검거,429,2016
남대문,폭력,발생,890,2016
남대문,폭력,검거,832,2016
서대문,살인,발생,6,2016
서대문,살인,검거,7,2016
서대문,강도,발생,5,2016
서대문,강도,검거,4,2016
서대문,강간,발생,175,2016
서대문,강간,검거,147,2016
서대문,절도,발생,1503,2016
서대문,절도,검거,752,2016
서대문,폭력,발생,1976,2016
서대문,폭력,검거,1644,2016
혜화,살인,발생,2,2016
혜화,살인,검거,2,2016
혜화,강도,발생,6,2016
혜화,강도,검거,6,2016
혜화,강간,발생,101,2016
혜화,강간,검거,64,2016
혜화,절도,발생,988,2016
혜화,절도,검거,379,2016
혜화,폭력,발생,972,2016
혜화,폭력,검거,842,2016
용산,살인,발생,4,2016
용산,살인,검거,4,2016
용산,강도,발생,9,2016
용산,강도,검거,10,2016
용산,강간,발생,251,2016
용산,강간,검거,214,2016
용산,절도,발생,1489,2016
용산,절도,검거,599,2016
용산,폭력,발생,2384,2016
용산,폭력,검거,2008,2016
성북,살인,발생,2,2016
성북,살인,검거,2,2016
성북,강도,발생,3,2016
성북,강도,검거,3,2016
성북,강간,발생,103,2016
성북,강간,검거,75,2016
성북,절도,발생,790,2016
성북,절도,검거,381,2016
성북,폭력,발생,1176,2016
성북,폭력,검거,1004,2016
동대문,살인,발생,5,2016
동대문,살인,검거,5,2016
동대문,강도,발생,10,2016
동대문,강도,검거,12,2016
동대문,강간,발생,190,2016
동대문,강간,검거,158,2016
동대문,절도,발생,1940,2016
동대문,절도,검거,1071,2016
동대문,폭력,발생,2642,2016
동대문,폭력,검거,2377,2016
마포,살인,발생,4,2016
마포,살인,검거,4,2016
마포,강도,발생,4,2016
마포,강도,검거,7,2016
마포,강간,발생,399,2016
마포,강간,검거,320,2016
마포,절도,발생,2527,2016
마포,절도,검거,940,2016
마포,폭력,발생,2939,2016
마포,폭력,검거,2500,2016
영등포,살인,발생,13,2016
영등포,살인,검거,13,2016
영등포,강도,발생,19,2016
영등포,강도,검거,14,2016
영등포,강간,발생,356,2016
영등포,강간,검거,225,2016
영등포,절도,발생,2341,2016
영등포,절도,검거,940,2016
영등포,폭력,발생,3593,2016
영등포,폭력,검거,3007,2016
성동,살인,발생,4,2016
성동,살인,검거,5,2016
성동,강도,발생,3,2016
성동,강도,검거,5,2016
성동,강간,발생,104,2016
성동,강간,검거,78,2016
성동,절도,발생,1296,2016
성동,절도,검거,896,2016
성동,폭력,발생,1619,2016
성동,폭력,검거,1408,2016
동작,살인,발생,8,2016
동작,살인,검거,6,2016
동작,강도,발생,7,2016
동작,강도,검거,7,2016
동작,강간,발생,325,2016
동작,강간,검거,149,2016
동작,절도,발생,1226,2016
동작,절도,검거,554,2016
동작,폭력,발생,1661,2016
동작,폭력,검거,1444,2016
광진,살인,발생,4,2016
광진,살인,검거,4,2016
광진,강도,발생,11,2016
광진,강도,검거,6,2016
광진,강간,발생,279,2016
광진,강간,검거,234,2016
광진,절도,발생,2636,2016
광진,절도,검거,1057,2016
광진,폭력,발생,2392,2016
광진,폭력,검거,2011,2016
서부,살인,발생,4,2016
서부,살인,검거,4,2016
서부,강도,발생,4,2016
서부,강도,검거,2,2016
서부,강간,발생,54,2016
서부,강간,검거,49,2016
서부,절도,발생,781,2016
서부,절도,검거,389,2016
서부,폭력,발생,1128,2016
서부,폭력,검거,980,2016
강북,살인,발생,7,2016
강북,살인,검거,6,2016
강북,강도,발생,5,2016
강북,강도,검거,4,2016
강북,강간,발생,217,2016
강북,강간,검거,159,2016
강북,절도,발생,1222,2016
강북,절도,검거,672,2016
강북,폭력,발생,2778,2016
강북,폭력,검거,2482,2016
금천,살인,발생,6,2016
금천,살인,검거,6,2016
금천,강도,발생,7,2016
금천,강도,검거,7,2016
금천,강간,발생,175,2016
금천,강간,검거,143,2016
금천,절도,발생,1264,2016
금천,절도,검거,654,2016
금천,폭력,발생,2193,2016
금천,폭력,검거,1946,2016
중랑,살인,발생,8,2016
중랑,살인,검거,7,2016
중랑,강도,발생,14,2016
중랑,강도,검거,14,2016
중랑,강간,발생,164,2016
중랑,강간,검거,150,2016
중랑,절도,발생,1691,2016
중랑,절도,검거,1052,2016
중랑,폭력,발생,3164,2016
중랑,폭력,검거,2712,2016
강남,살인,발생,3,2016
강남,살인,검거,3,2016
강남,강도,발생,24,2016
강남,강도,검거,26,2016
강남,강간,발생,339,2016
강남,강간,검거,269,2016
강남,절도,발생,2438,2016
강남,절도,검거,1129,2016
강남,폭력,발생,2336,2016
강남,폭력,검거,2096,2016
관악,살인,발생,6,2016
관악,살인,검거,7,2016
관악,강도,발생,12,2016
관악,강도,검거,10,2016
관악,강간,발생,322,2016
관악,강간,검거,264,2016
관악,절도,발생,2103,2016
관악,절도,검거,937,2016
관악,폭력,발생,3235,2016
관악,폭력,검거,2707,2016
강서,살인,발생,9,2016
강서,살인,검거,10,2016
강서,강도,발생,10,2016
강서,강도,검거,10,2016
강서,강간,발생,275,2016
강서,강간,검거,239,2016
강서,절도,발생,1952,2016
강서,절도,검거,1070,2016
강서,폭력,발생,3204,2016
강서,폭력,검거,2768,2016
강동,살인,발생,4,2016
강동,살인,검거,5,2016
강동,강도,발생,14,2016
강동,강도,검거,13,2016
강동,강간,발생,160,2016
강동,강간,검거,152,2016
강동,절도,발생,1754,2016
강동,절도,검거,902,2016
강동,폭력,발생,2530,2016
강동,폭력,검거,2201,2016
종암,살인,발생,2,2016
종암,살인,검거,1,2016
종암,강도,발생,5,2016
종암,강도,검거,5,2016
종암,강간,발생,51,2016
종암,강간,검거,42,2016
종암,절도,발생,680,2016
종암,절도,검거,344,2016
종암,폭력,발생,932,2016
종암,폭력,검거,815,2016
구로,살인,발생,9,2016
구로,살인,검거,9,2016
구로,강도,발생,10,2016
구로,강도,검거,13,2016
구로,강간,발생,273,2016
구로,강간,검거,181,2016
구로,절도,발생,1910,2016
구로,절도,검거,861,2016
구로,폭력,발생,3164,2016
구로,폭력,검거,2680,2016
서초,살인,발생,4,2016
서초,살인,검거,4,2016
서초,강도,발생,9,2016
서초,강도,검거,5,2016
서초,강간,발생,350,2016
서초,강간,검거,220,2016
서초,절도,발생,1733,2016
서초,절도,검거,814,2016
서초,폭력,발생,1838,2016
서초,폭력,검거,1583,2016
양천,살인,발생,5,2016
양천,살인,검거,5,2016
양천,강도,발생,7,2016
양천,강도,검거,7,2016
양천,강간,발생,131,2016
양천,강간,검거,108,2016
양천,절도,발생,1719,2016
양천,절도,검거,755,2016
양천,폭력,발생,2250,2016
양천,폭력,검거,1918,2016
송파,살인,발생,9,2016
송파,살인,검거,8,2016
송파,강도,발생,15,2016
송파,강도,검거,12,2016
송파,강간,발생,234,2016
송파,강간,검거,184,2016
송파,절도,발생,2543,2016
송파,절도,검거,1048,2016
송파,폭력,발생,3289,2016
송파,폭력,검거,2808,2016
노원,살인,발생,5,2016
노원,살인,검거,6,2016
노원,강도,발생,6,2016
노원,강도,검거,9,2016
노원,강간,발생,159,2016
노원,강간,검거,142,2016
노원,절도,발생,1857,2016
노원,절도,검거,740,2016
노원,폭력,발생,2516,2016
노원,폭력,검거,2124,2016
방배,살인,발생,1,2016
방배,살인,검거,1,2016
방배,강도,발생,4,2016
방배,강도,검거,5,2016
방배,강간,발생,78,2016
방배,강간,검거,51,2016
방배,절도,발생,472,2016
방배,절도,검거,293,2016
방배,폭력,발생,500,2016
방배,폭력,검거,446,2016
은평,살인,발생,2,2016
은평,살인,검거,2,2016
은평,강도,발생,5,2016
은평,강도,검거,5,2016
은평,강간,발생,102,2016
은평,강간,검거,93,2016
은평,절도,발생,885,2016
은평,절도,검거,501,2016
은평,폭력,발생,1536,2016
은평,폭력,검거,1328,2016
도봉,살인,발생,3,2016
도봉,살인,검거,3,2016
도봉,강도,발생,5,2016
도봉,강도,검거,5,2016
도봉,강간,발생,123,2016
도봉,강간,검거,121,2016
도봉,절도,발생,866,2016
도봉,절도,검거,492,2016
도봉,폭력,발생,1441,2016
도봉,폭력,검거,1309,2016
수서,살인,발생,2,2016
수서,살인,검거,2,2016
수서,강도,발생,15,2016
수서,강도,검거,16,2016
수서,강간,발생,177,2016
수서,강간,검거,144,2016
수서,절도,발생,1149,2016
수서,절도,검거,789,2016
수서,폭력,발생,1666,2016
수서,폭력,검거,1431,2016
중부,살인,발생,0,2017
중부,살인,검거,0,2017
중부,강도,발생,6,2017
중부,강도,검거,6,2017
중부,강간,발생,173,2017
중부,강간,검거,87,2017
중부,절도,발생,1061,2017
중부,절도,검거,489,2017
중부,폭력,발생,1198,2017
중부,폭력,검거,1024,2017
종로,살인,발생,5,2017
종로,살인,검거,3,2017
종로,강도,발생,5,2017
종로,강도,검거,4,2017
종로,강간,발생,131,2017
종로,강간,검거,103,2017
종로,절도,발생,910,2017
종로,절도,검거,360,2017
종로,폭력,발생,1220,2017
종로,폭력,검거,1059,2017
남대문,살인,발생,1,2017
남대문,살인,검거,0,2017
남대문,강도,발생,3,2017
남대문,강도,검거,3,2017
남대문,강간,발생,94,2017
남대문,강간,검거,62,2017
남대문,절도,발생,785,2017
남대문,절도,검거,400,2017
남대문,폭력,발생,863,2017
남대문,폭력,검거,780,2017
서대문,살인,발생,4,2017
서대문,살인,검거,4,2017
서대문,강도,발생,1,2017
서대문,강도,검거,2,2017
서대문,강간,발생,202,2017
서대문,강간,검거,181,2017
서대문,절도,발생,1230,2017
서대문,절도,검거,719,2017
서대문,폭력,발생,1676,2017
서대문,폭력,검거,1393,2017
혜화,살인,발생,2,2017
혜화,살인,검거,2,2017
혜화,강도,발생,5,2017
혜화,강도,검거,4,2017
혜화,강간,발생,122,2017
혜화,강간,검거,70,2017
혜화,절도,발생,734,2017
혜화,절도,검거,298,2017
혜화,폭력,발생,923,2017
혜화,폭력,검거,778,2017
용산,살인,발생,1,2017
용산,살인,검거,1,2017
용산,강도,발생,5,2017
용산,강도,검거,4,2017
용산,강간,발생,327,2017
용산,강간,검거,289,2017
용산,절도,발생,1346,2017
용산,절도,검거,626,2017
용산,폭력,발생,2381,2017
용산,폭력,검거,2016,2017
성북,살인,발생,5,2017
성북,살인,검거,5,2017
성북,강도,발생,5,2017
성북,강도,검거,5,2017
성북,강간,발생,107,2017
성북,강간,검거,72,2017
성북,절도,발생,701,2017
성북,절도,검거,332,2017
성북,폭력,발생,1005,2017
성북,폭력,검거,855,2017
동대문,살인,발생,11,2017
동대문,살인,검거,10,2017
동대문,강도,발생,3,2017
동대문,강도,검거,5,2017
동대문,강간,발생,165,2017
동대문,강간,검거,149,2017
동대문,절도,발생,1547,2017
동대문,절도,검거,1017,2017
동대문,폭력,발생,2249,2017
동대문,폭력,검거,2093,2017
마포,살인,발생,3,2017
마포,살인,검거,3,2017
마포,강도,발생,8,2017
마포,강도,검거,8,2017
마포,강간,발생,500,2017
마포,강간,검거,429,2017
마포,절도,발생,2094,2017
마포,절도,검거,837,2017
마포,폭력,발생,2673,2017
마포,폭력,검거,2222,2017
영등포,살인,발생,15,2017
영등포,살인,검거,13,2017
영등포,강도,발생,5,2017
영등포,강도,검거,5,2017
영등포,강간,발생,455,2017
영등포,강간,검거,267,2017
영등포,절도,발생,2304,2017
영등포,절도,검거,1108,2017
영등포,폭력,발생,3190,2017
영등포,폭력,검거,2619,2017
성동,살인,발생,1,2017
성동,살인,검거,1,2017
성동,강도,발생,3,2017
성동,강도,검거,3,2017
성동,강간,발생,132,2017
성동,강간,검거,106,2017
성동,절도,발생,1072,2017
성동,절도,검거,543,2017
성동,폭력,발생,1559,2017
성동,폭력,검거,1378,2017
동작,살인,발생,1,2017
동작,살인,검거,1,2017
동작,강도,발생,7,2017
동작,강도,검거,9,2017
동작,강간,발생,396,2017
동작,강간,검거,173,2017
동작,절도,발생,1226,2017
동작,절도,검거,593,2017
동작,폭력,발생,1700,2017
동작,폭력,검거,1466,2017
광진,살인,발생,6,2017
광진,살인,검거,5,2017
광진,강도,발생,13,2017
광진,강도,검거,8,2017
광진,강간,발생,261,2017
광진,강간,검거,208,2017
광진,절도,발생,2220,2017
광진,절도,검거,1168,2017
광진,폭력,발생,2146,2017
광진,폭력,검거,1900,2017
서부,살인,발생,3,2017
서부,살인,검거,3,2017
서부,강도,발생,2,2017
서부,강도,검거,2,2017
서부,강간,발생,93,2017
서부,강간,검거,79,2017
서부,절도,발생,553,2017
서부,절도,검거,375,2017
서부,폭력,발생,904,2017
서부,폭력,검거,844,2017
강북,살인,발생,8,2017
강북,살인,검거,8,2017
강북,강도,발생,7,2017
강북,강도,검거,5,2017
강북,강간,발생,208,2017
강북,강간,검거,153,2017
강북,절도,발생,1014,2017
강북,절도,검거,635,2017
강북,폭력,발생,2156,2017
강북,폭력,검거,2023,2017
금천,살인,발생,5,2017
금천,살인,검거,5,2017
금천,강도,발생,5,2017
금천,강도,검거,5,2017
금천,강간,발생,240,2017
금천,강간,검거,212,2017
금천,절도,발생,1141,2017
금천,절도,검거,674,2017
금천,폭력,발생,1874,2017
금천,폭력,검거,1676,2017
중랑,살인,발생,5,2017
중랑,살인,검거,5,2017
중랑,강도,발생,3,2017
중랑,강도,검거,4,2017
중랑,강간,발생,172,2017
중랑,강간,검거,144,2017
중랑,절도,발생,1533,2017
중랑,절도,검거,813,2017
중랑,폭력,발생,2858,2017
중랑,폭력,검거,2426,2017
강남,살인,발생,6,2017
강남,살인,검거,6,2017
강남,강도,발생,13,2017
강남,강도,검거,16,2017
강남,강간,발생,456,2017
강남,강간,검거,366,2017
강남,절도,발생,2069,2017
강남,절도,검거,787,2017
강남,폭력,발생,2229,2017
강남,폭력,검거,1942,2017
관악,살인,발생,8,2017
관악,살인,검거,7,2017
관악,강도,발생,7,2017
관악,강도,검거,6,2017
관악,강간,발생,379,2017
관악,강간,검거,323,2017
관악,절도,발생,1979,2017
관악,절도,검거,1152,2017
관악,폭력,발생,3152,2017
관악,폭력,검거,2666,2017
강서,살인,발생,11,2017
강서,살인,검거,11,2017
강서,강도,발생,4,2017
강서,강도,검거,6,2017
강서,강간,발생,316,2017
강서,강간,검거,253,2017
강서,절도,발생,1888,2017
강서,절도,검거,1113,2017
강서,폭력,발생,2916,2017
강서,폭력,검거,2544,2017
강동,살인,발생,5,2017
강동,살인,검거,6,2017
강동,강도,발생,10,2017
강동,강도,검거,12,2017
강동,강간,발생,172,2017
강동,강간,검거,169,2017
강동,절도,발생,1645,2017
강동,절도,검거,949,2017
강동,폭력,발생,2429,2017
강동,폭력,검거,2109,2017
종암,살인,발생,2,2017
종암,살인,검거,2,2017
종암,강도,발생,3,2017
종암,강도,검거,3,2017
종암,강간,발생,66,2017
종암,강간,검거,62,2017
종암,절도,발생,643,2017
종암,절도,검거,371,2017
종암,폭력,발생,897,2017
종암,폭력,검거,772,2017
구로,살인,발생,7,2017
구로,살인,검거,8,2017
구로,강도,발생,8,2017
구로,강도,검거,6,2017
구로,강간,발생,328,2017
구로,강간,검거,181,2017
구로,절도,발생,1725,2017
구로,절도,검거,869,2017
구로,폭력,발생,2827,2017
구로,폭력,검거,2344,2017
서초,살인,발생,8,2017
서초,살인,검거,8,2017
서초,강도,발생,9,2017
서초,강도,검거,2,2017
서초,강간,발생,405,2017
서초,강간,검거,223,2017
서초,절도,발생,1448,2017
서초,절도,검거,659,2017
서초,폭력,발생,1889,2017
서초,폭력,검거,1636,2017
양천,살인,발생,3,2017
양천,살인,검거,2,2017
양천,강도,발생,3,2017
양천,강도,검거,2,2017
양천,강간,발생,138,2017
양천,강간,검거,122,2017
양천,절도,발생,1590,2017
양천,절도,검거,756,2017
양천,폭력,발생,2148,2017
양천,폭력,검거,1778,2017
송파,살인,발생,6,2017
송파,살인,검거,6,2017
송파,강도,발생,1,2017
송파,강도,검거,3,2017
송파,강간,발생,288,2017
송파,강간,검거,242,2017
송파,절도,발생,2274,2017
송파,절도,검거,1026,2017
송파,폭력,발생,3007,2017
송파,폭력,검거,2593,2017
노원,살인,발생,4,2017
노원,살인,검거,4,2017
노원,강도,발생,9,2017
노원,강도,검거,7,2017
노원,강간,발생,180,2017
노원,강간,검거,155,2017
노원,절도,발생,1538,2017
노원,절도,검거,757,2017
노원,폭력,발생,2478,2017
노원,폭력,검거,2124,2017
방배,살인,발생,1,2017
방배,살인,검거,2,2017
방배,강도,발생,4,2017
방배,강도,검거,5,2017
방배,강간,발생,65,2017
방배,강간,검거,60,2017
방배,절도,발생,364,2017
방배,절도,검거,176,2017
방배,폭력,발생,515,2017
방배,폭력,검거,466,2017
은평,살인,발생,3,2017
은평,살인,검거,3,2017
은평,강도,발생,2,2017
은평,강도,검거,2,2017
은평,강간,발생,137,2017
은평,강간,검거,134,2017
은평,절도,발생,834,2017
은평,절도,검거,559,2017
은평,폭력,발생,1352,2017
은평,폭력,검거,1206,2017
도봉,살인,발생,1,2017
도봉,살인,검거,1,2017
도봉,강도,발생,3,2017
도봉,강도,검거,3,2017
도봉,강간,발생,104,2017
도봉,강간,검거,115,2017
도봉,절도,발생,633,2017
도봉,절도,검거,417,2017
도봉,폭력,발생,1258,2017
도봉,폭력,검거,1116,2017
수서,살인,발생,1,2017
수서,살인,검거,1,2017
수서,강도,발생,7,2017
수서,강도,검거,8,2017
수서,강간,발생,151,2017
수서,강간,검거,130,2017
수서,절도,발생,1061,2017
수서,절도,검거,596,2017
수서,폭력,발생,1727,2017
수서,폭력,검거,1469,2017